"asset_id","rows_per_second","measurement_count","last_measured_at","last_measured_build_id","history","chart_id","state","built_against_upstream_hash","built_against_writer_hash","last_built_at","last_error","rows_written","expected_rows"
"bg_class_lifetime_counts","","0","","","[]","","lit","","","2026-08-02 13:50:01.367856+00:00","","",""
"bg_class_priors","","0","","","[]","","lit","e3b0c44298fc1c14","","2026-08-02 13:49:13.906853+00:00","","164",""
"bg_cohort","","0","","","[]","","lit","","","2026-08-02 13:49:30.695627+00:00","","",""
"bg_compendium_index","","0","","","[]","","lit","","","2026-08-02 13:49:04.269937+00:00","","9538","9538"
"bg_concordance","","0","","","[]","","lit","","","2026-08-07 18:10:05.223570+00:00","","720","477"
"bg_dasha_systems","","0","","","[]","","lit","","","2026-08-02 13:48:31.366701+00:00","","18",""
"bg_dignity_reference","","0","","","[]","","lit","","","2026-08-02 13:50:02.488864+00:00","","151","151"
"bg_doshas","","0","","","[]","","lit","","","2026-08-02 13:48:32.154905+00:00","","79",""
"bg_ephemeris","","0","","","[]","","lit","","","2026-08-07 17:41:00.653117+00:00","","825084",""
"bg_ephemeris_engine","","0","","","[]","","error","","","2026-06-18 18:47:04.905434+00:00","service health: degraded — ephemeris position query failed: swisseph.calc_ut: Ephemeris file /app/ephe/sepl_18.se1 is damaged (0). ; MEAN_NODE check failed: unsupported operand type(s) for /: 'tuple' and 'int'","",""
"bg_formula_constants","","0","","","[]","","lit","e3b0c44298fc1c14","","2026-08-02 13:49:14.045741+00:00","","11",""
"bg_ghatana","","0","","","[]","","lit","e3b0c44298fc1c14","","2026-08-02 13:49:13.963838+00:00","NotNullViolation: null value in column ""temporal_shape"" of relation ""brahma_event_ontology"" violates not-null constraint
DETAIL:  Failing row contains (career_entry, Career Entry, career, career, {""lords"": [""10L"", ""6L""], ""houses"": [""10"", ""6"", ""1""], ""vargas"": [..., moderate, [""career_change""], {""band_0_12"": 0.0, ""band_13_25"": 0.55, ""band_26_40"": 0.2, ""band_..., null, {""BPHS ch.10 (karma-bhava)"",""Phaladeepika ch.10""}, 1.1, 2026-08-02 13:49:13.927863+00, null, null, null, null, {}, f, []).","22",""
"bg_gochara_arcs","","0","","","[]","","lit","","","2026-08-09 23:55:23.508937+00:00","","34553",""
"bg_kota_chakra_rings","","0","","","[]","","lit","","","2026-08-02 13:50:51.873724+00:00","","",""
"bg_kp_sublord_division","","0","","","[]","","lit","e3b0c44298fc1c14","unknown","2026-08-05 11:37:13.734628+00:00","","249",""
"bg_medical_mappings","","0","","","[]","","lit","e3b0c44298fc1c14","unknown","2026-08-02 13:50:02.070263+00:00","","36",""
"bg_muhurta_lattice","","0","","","[]","","lit","","","2026-08-02 13:50:51.649531+00:00","","",""
"bg_nakshatra","","0","","","[]","","lit","","","2026-08-02 13:49:13.285584+00:00","","2857","2857"
"bg_nakshatra_medical","","0","","","[]","","lit","","","2026-08-02 13:50:02.290361+00:00","","27","27"
"bg_ontology","","0","","","[]","","lit","","","2026-08-07 17:44:22.818265+00:00","","623","623"
"bg_panchanga","","0","","","[]","","lit","","","2026-06-18 18:47:04.719866+00:00","","0",""
"bg_parihara_rules","","0","","","[]","","lit","","","2026-08-02 13:50:51.751494+00:00","","",""
"bg_phaladeepika_latta","","0","","","[]","","lit","","","2026-08-02 13:50:51.989597+00:00","","",""
"bg_prashna_rules","","0","","","[]","","lit","e3b0c44298fc1c14","unknown","2026-08-02 13:50:01.548889+00:00","","36",""
"bg_reference","","0","","","[]","","lit","","","2026-08-07 17:43:37.313275+00:00","KeyError: 0","1485","1485"
"bg_remedies","","0","","","[]","","lit","","","2026-08-07 17:50:15.708157+00:00","","266",""
"bg_rules","","0","","","[]","","lit","","","2026-08-07 17:49:43.063591+00:00","","2912",""
"bg_sarvatobhadra_grid","","0","","","[]","","lit","","","2026-08-09 22:11:34.059800+00:00","","0",""
"bg_sign_medical","","0","","","[]","","lit","","","2026-08-07 17:37:43.213230+00:00","","",""
"bg_sky_calendar","","0","","","[]","","lit","","","2026-08-02 13:50:01.240149+00:00","","",""
"bg_text_index","","0","","","[]","","lit","","","2026-08-07 17:44:30.438100+00:00","","361",""
"bg_texts","","0","","","[]","","lit","","","2026-08-07 17:43:44.468382+00:00","","10651",""
"bg_transit_engine","","0","","","[]","","lit","","","2026-08-02 13:50:01.777737+00:00","ForeignKeyViolation: update or delete on table ""bg_transit_rules"" violates foreign key constraint ""gochara_resonance_map_source_rule_id_fkey"" on table ""gochara_resonance_map""
DETAIL:  Key (id)=(133) is still referenced from table ""gochara_resonance_map"".","9","9"
"bg_transit_rules","","0","","","[]","","lit","e3b0c44298fc1c14","unknown","2026-08-22 11:42:12.592334+00:00","InvalidTextRepresentation: invalid input syntax for type integer: ""id""
CONTEXT:  unnamed portal parameter $1 = '...'","50",""
"bg_vastu_directions","","0","","","[]","","lit","e3b0c44298fc1c14","unknown","2026-08-02 13:50:01.703165+00:00","","32",""
"bg_vedha_malefic_scale","","0","","","[]","","lit","","","2026-08-02 13:50:51.926964+00:00","","",""
"bg_vidhi_floors","","0","","","[]","","lit","b5226defc8faf23c","unknown","2026-08-02 13:50:03.732998+00:00","","77",""
"bg_vidhi_primitives","","0","","","[]","","lit","e3b0c44298fc1c14","unknown","2026-08-02 13:50:02.693503+00:00","","37",""
"bg_yogas","","0","","","[]","","lit","","","2026-08-02 13:48:31.146755+00:00","","175",""
"bo_anveshana","","0","","","[]","1c826d5a-41cb-4450-b4dc-59d440e5f75a","lit","c056f00455c4a3b4","","2026-08-12 16:30:36.241900+00:00","","4909",""
"bo_anveshana","","0","","","[]","482012f1-710e-4a25-994a-93821f5871aa","lit","1686fbe9e76d170a","unknown","2026-08-12 23:44:24.671206+00:00","","3774",""
"bo_anveshana","","0","","","[]","cb73cd3d-9eba-4220-9902-0de91566e980","stale","eacf22ee28085f46","unknown","2026-07-27 11:44:33.633381+00:00","","5222",""
"bo_arudha","","0","","","[]","1c826d5a-41cb-4450-b4dc-59d440e5f75a","lit","b10c977dafc29dda","","2026-08-12 16:27:33.489037+00:00","","24",""
"bo_arudha","","0","","","[]","482012f1-710e-4a25-994a-93821f5871aa","lit","5b77203384c11e96","","2026-08-12 15:24:24.455229+00:00","","25",""
"bo_arudha","","0","","","[]","cb73cd3d-9eba-4220-9902-0de91566e980","lit","fd56b8cc68f99b06","unknown","2026-07-27 11:34:50.367878+00:00","","20",""
"bo_bimba","","0","","","[]","1c826d5a-41cb-4450-b4dc-59d440e5f75a","lit","f9eb7d74b2089990","","2026-08-07 14:41:24.055815+00:00","","226",""
"bo_bimba","","0","","","[]","482012f1-710e-4a25-994a-93821f5871aa","lit","63d0a19e3331c957","unknown","2026-08-10 01:38:26.744012+00:00","","255",""
"bo_bimba","","0","","","[]","cb73cd3d-9eba-4220-9902-0de91566e980","lit","5ecbd5ccf778bd06","","2026-08-07 14:57:03.792744+00:00","","230",""
"bo_cdlm_summary","","0","","","[]","1c826d5a-41cb-4450-b4dc-59d440e5f75a","lit","85a6ae32fc7a9d05","","2026-08-12 16:27:32.675234+00:00","","40",""
"bo_cdlm_summary","","0","","","[]","482012f1-710e-4a25-994a-93821f5871aa","lit","c972d96bbfea6a08","","2026-08-12 15:24:28.877092+00:00","","70",""
"bo_cdlm_summary","","0","","","[]","cb73cd3d-9eba-4220-9902-0de91566e980","stale","23d05a36a8e808af","unknown","2026-07-27 11:37:38.189853+00:00","","40",""
"bo_cgm_motifs","","0","","","[]","1c826d5a-41cb-4450-b4dc-59d440e5f75a","lit","e541a8926bd4a95f","","2026-08-12 16:28:28.373456+00:00","","606",""
"bo_cgm_motifs","","0","","","[]","482012f1-710e-4a25-994a-93821f5871aa","lit","131b71373b512076","","2026-08-10 01:52:07.071369+00:00","","600",""
"bo_cgm_motifs","","0","","","[]","cb73cd3d-9eba-4220-9902-0de91566e980","stale","f35f6ed55a0c9d60","unknown","2026-07-27 11:36:06.023568+00:00","","605",""
"bo_cgm_paths","","0","","","[]","1c826d5a-41cb-4450-b4dc-59d440e5f75a","lit","e541a8926bd4a95f","","2026-08-12 16:27:32.917188+00:00","","45",""
"bo_cgm_paths","","0","","","[]","482012f1-710e-4a25-994a-93821f5871aa","lit","131b71373b512076","","2026-08-12 15:24:23.846897+00:00","","45",""
"bo_cgm_paths","","0","","","[]","cb73cd3d-9eba-4220-9902-0de91566e980","stale","f35f6ed55a0c9d60","unknown","2026-07-27 11:36:06.912059+00:00","","45",""
"bo_chart_gestalt","","0","","","[]","1c826d5a-41cb-4450-b4dc-59d440e5f75a","lit","d07f1ea116c3a603","","2026-08-12 16:30:47.468589+00:00","","5",""
"bo_chart_gestalt","","0","","","[]","482012f1-710e-4a25-994a-93821f5871aa","lit","ec83e0f50ec7eb80","unknown","2026-08-12 23:44:26.973022+00:00","","5",""
"bo_chart_gestalt","","0","","","[]","cb73cd3d-9eba-4220-9902-0de91566e980","stale","e4c5f279fc3ab38d","unknown","2026-07-27 11:44:35.947020+00:00","","5",""
"bo_drishti","","0","","","[]","1c826d5a-41cb-4450-b4dc-59d440e5f75a","lit","43a5a611dfc637e4","","2026-08-12 16:28:48.825094+00:00","","60",""
"bo_drishti","","0","","","[]","482012f1-710e-4a25-994a-93821f5871aa","lit","5a9248375d49843e","","2026-08-12 15:25:33.087706+00:00","","60",""
"bo_drishti","","0","","","[]","cb73cd3d-9eba-4220-9902-0de91566e980","stale","ea49fc2c1e820eeb","unknown","2026-07-27 11:38:38.708272+00:00","","60",""
"bo_karanajala","","0","","","[]","1c826d5a-41cb-4450-b4dc-59d440e5f75a","lit","e21403cef719f961","","2026-08-07 14:42:58.100710+00:00","","853",""
"bo_karanajala","","0","","","[]","482012f1-710e-4a25-994a-93821f5871aa","lit","fbfcd1553b6895af","unknown","2026-08-10 01:39:13.491048+00:00","","864",""
"bo_karanajala","","0","","","[]","cb73cd3d-9eba-4220-9902-0de91566e980","lit","dfe259dc9f8045c4","","2026-08-07 14:58:47.786614+00:00","","845",""
"bo_laksana","","0","","","[]","1c826d5a-41cb-4450-b4dc-59d440e5f75a","lit","3b45904b601f7400","","2026-08-07 14:40:52.971169+00:00","","50021",""
"bo_laksana","","0","","","[]","482012f1-710e-4a25-994a-93821f5871aa","lit","8fe864ed2155ab6d","unknown","2026-08-10 01:37:48.729536+00:00","","49955",""
"bo_laksana","","0","","","[]","cb73cd3d-9eba-4220-9902-0de91566e980","lit","91abdfc64b0d335b","","2026-08-07 14:56:27.343738+00:00","","49730",""
"bo_laksana_rerank","","0","","","[]","1c826d5a-41cb-4450-b4dc-59d440e5f75a","lit","660f265d7b5c77ff","","2026-08-12 16:47:24.459323+00:00","","10877",""
"bo_laksana_rerank","","0","","","[]","482012f1-710e-4a25-994a-93821f5871aa","lit","f6366270f8815300","","2026-08-12 15:33:52.779554+00:00","","10824",""
"bo_laksana_rerank","","0","","","[]","cb73cd3d-9eba-4220-9902-0de91566e980","stale","6ed221fa25c8720b","unknown","2026-07-27 11:37:34.932365+00:00","","10951",""
"bo_nakshatra_semantic","","0","","","[]","1c826d5a-41cb-4450-b4dc-59d440e5f75a","lit","6453723b952d39c2","","2026-08-12 16:27:46.833919+00:00","","45",""
"bo_nakshatra_semantic","","0","","","[]","482012f1-710e-4a25-994a-93821f5871aa","lit","74a2aee7fbc2437a","","2026-08-08 00:26:58.338630+00:00","","45",""
"bo_nakshatra_semantic","","0","","","[]","cb73cd3d-9eba-4220-9902-0de91566e980","lit","c4c678f56ccc6592","unknown","2026-07-27 11:34:49.819522+00:00","","45",""
"bo_pramana_mapa","","0","","","[]","1c826d5a-41cb-4450-b4dc-59d440e5f75a","lit","7ede18f901608333","","2026-08-12 16:31:03.965114+00:00","","1",""
"bo_pramana_mapa","","0","","","[]","482012f1-710e-4a25-994a-93821f5871aa","stale","f87f8606746bb8c4","unknown","2026-08-12 23:44:40.654882+00:00","","1",""
"bo_pramana_mapa","","0","","","[]","cb73cd3d-9eba-4220-9902-0de91566e980","error","720dbbded1901869","unknown","2026-08-07 15:11:36.124484+00:00","BLOCKED: upstream dependency(ies) bo_upaya did not complete in this run; skipped to avoid building on incomplete data","1",""
"bo_pratijna","","0","","","[]","1c826d5a-41cb-4450-b4dc-59d440e5f75a","lit","d81d21e3854b5d03","","2026-08-07 14:43:35.461893+00:00","","135",""
"bo_pratijna","","0","","","[]","482012f1-710e-4a25-994a-93821f5871aa","lit","75bc49db9c1aa568","unknown","2026-08-10 01:39:42.028020+00:00","","135",""
"bo_pratijna","","0","","","[]","cb73cd3d-9eba-4220-9902-0de91566e980","lit","03116b3c05b354e4","","2026-08-07 15:00:45.283289+00:00","","135",""
"bo_samskara","","0","","","[]","1c826d5a-41cb-4450-b4dc-59d440e5f75a","lit","f9eb7d74b2089990","","2026-08-07 14:52:33.627566+00:00","","50171",""
"bo_samskara","","0","","","[]","482012f1-710e-4a25-994a-93821f5871aa","lit","63d0a19e3331c957","unknown","2026-08-12 23:43:59.172831+00:00","","50104",""
"bo_samskara","","0","","","[]","cb73cd3d-9eba-4220-9902-0de91566e980","lit","5ecbd5ccf778bd06","","2026-08-07 15:11:33.960870+00:00","","49875",""
"bo_samvada","","0","","","[]","1c826d5a-41cb-4450-b4dc-59d440e5f75a","lit","8649e09e9af29a50","","2026-08-12 16:31:09.330881+00:00","","1",""
"bo_samvada","","0","","","[]","482012f1-710e-4a25-994a-93821f5871aa","stale","a66ba39f5b20b5c0","unknown","2026-08-12 23:44:40.940843+00:00","","1",""
"bo_samvada","","0","","","[]","cb73cd3d-9eba-4220-9902-0de91566e980","error","92861df2d698fc31","unknown","2026-08-07 15:11:35.456551+00:00","BLOCKED: upstream dependency(ies) bo_pramana_mapa, bo_upaya did not complete in this run; skipped to avoid building on incomplete data","1",""
"bo_sangati","","0","","","[]","1c826d5a-41cb-4450-b4dc-59d440e5f75a","lit","96ecb883c5767466","","2026-08-07 14:43:14.480023+00:00","","210",""
"bo_sangati","","0","","","[]","482012f1-710e-4a25-994a-93821f5871aa","lit","bcb1543cbdefec28","unknown","2026-08-10 01:39:25.777184+00:00","","535",""
"bo_sangati","","0","","","[]","cb73cd3d-9eba-4220-9902-0de91566e980","lit","ba3f7c4f62a22f7b","","2026-08-07 14:59:36.053461+00:00","","210",""
"bo_special_lagna","","0","","","[]","1c826d5a-41cb-4450-b4dc-59d440e5f75a","lit","31af06f3aa7dc4b5","unknown","2026-07-26 07:31:24.564810+00:00","","20",""
"bo_special_lagna","","0","","","[]","482012f1-710e-4a25-994a-93821f5871aa","lit","05dbd2ceff8c788c","","2026-08-12 15:24:34.915920+00:00","","20",""
"bo_special_lagna","","0","","","[]","cb73cd3d-9eba-4220-9902-0de91566e980","lit","24663c7e7db01bef","unknown","2026-07-27 11:34:50.903092+00:00","","20",""
"bo_sudarshana","","0","","","[]","1c826d5a-41cb-4450-b4dc-59d440e5f75a","lit","299a9ea7327d13a0","","2026-07-28 03:35:27.954545+00:00","","45",""
"bo_sudarshana","","0","","","[]","482012f1-710e-4a25-994a-93821f5871aa","lit","d2cce165fdb5a139","","2026-08-08 00:21:37.357375+00:00","","45",""
"bo_sudarshana","","0","","","[]","cb73cd3d-9eba-4220-9902-0de91566e980","lit","55503409c73a0f85","unknown","2026-07-27 11:34:48.690588+00:00","","45",""
"bo_upaya","","0","","","[]","1c826d5a-41cb-4450-b4dc-59d440e5f75a","lit","4683f9e60a727e15","","2026-08-12 16:29:16.680315+00:00","","239",""
"bo_upaya","","0","","","[]","482012f1-710e-4a25-994a-93821f5871aa","lit","300910699be5b5ee","unknown","2026-08-21 02:31:53.077619+00:00","","240",""
"bo_upaya","","0","","","[]","cb73cd3d-9eba-4220-9902-0de91566e980","error","e411d68704fe65f8","unknown","2026-08-07 15:11:35.943934+00:00","BLOCKED: upstream dependency(ies) ga_dashas did not complete in this run; skipped to avoid building on incomplete data","241",""
"bo_vargottama_dhana","","0","","","[]","1c826d5a-41cb-4450-b4dc-59d440e5f75a","lit","bb2324aff387f7c5","unknown","2026-07-26 07:31:25.047465+00:00","","16",""
"bo_vargottama_dhana","","0","","","[]","482012f1-710e-4a25-994a-93821f5871aa","lit","f1a5692b21ca16c2","","2026-08-08 00:22:51.583173+00:00","","14",""
"bo_vargottama_dhana","","0","","","[]","cb73cd3d-9eba-4220-9902-0de91566e980","lit","1efe9a89246b8ea2","unknown","2026-07-27 11:34:51.583517+00:00","","15",""
"bo_yantra_mechanism","","0","","","[]","1c826d5a-41cb-4450-b4dc-59d440e5f75a","lit","56b2e2c30e9ac9f5","","2026-08-12 16:30:55.841002+00:00","","703",""
"bo_yantra_mechanism","","0","","","[]","482012f1-710e-4a25-994a-93821f5871aa","lit","6a7a79cd82c90253","","2026-08-12 15:25:16.822318+00:00","","615",""
"bo_yantra_mechanism","","0","","","[]","cb73cd3d-9eba-4220-9902-0de91566e980","stale","71bc5d67b0fce001","unknown","2026-07-27 11:39:30.948892+00:00","","620",""
"ga_ayurdaya","","0","","","[]","1c826d5a-41cb-4450-b4dc-59d440e5f75a","lit","299a9ea7327d13a0","unknown","2026-07-26 06:43:47.466641+00:00","","130",""
"ga_ayurdaya","","0","","","[]","482012f1-710e-4a25-994a-93821f5871aa","lit","d2cce165fdb5a139","","2026-08-08 00:24:26.537211+00:00","","130",""
"ga_ayurdaya","","0","","","[]","cb73cd3d-9eba-4220-9902-0de91566e980","lit","55503409c73a0f85","unknown","2026-07-27 08:46:37.733685+00:00","","130",""
"ga_condition","","0","","","[]","1c826d5a-41cb-4450-b4dc-59d440e5f75a","lit","37f496c36e1580f3","","2026-08-06 04:17:24.459046+00:00","","45",""
"ga_condition","","0","","","[]","482012f1-710e-4a25-994a-93821f5871aa","lit","cb151834a1b36542","","2026-08-08 00:33:31.083879+00:00","","45",""
"ga_condition","","0","","","[]","cb73cd3d-9eba-4220-9902-0de91566e980","lit","ab77a470daecc625","unknown","2026-07-27 09:02:31.622528+00:00","","45",""
"ga_dashas","","0","2026-08-05 20:13:05.082977+00:00","e03b7010-844f-4464-8aff-8c4e2f450743","[]","1c826d5a-41cb-4450-b4dc-59d440e5f75a","lit","299a9ea7327d13a0","","2026-08-06 00:01:50.963737+00:00","","471767",""
"ga_dashas","","0","2026-08-05 20:15:46.512333+00:00","a91ecb8d-efe6-4447-9d3e-5dd456316b24","[]","482012f1-710e-4a25-994a-93821f5871aa","lit","d2cce165fdb5a139","","2026-08-08 00:28:48.084722+00:00","","483859",""
"ga_dashas","","0","2026-08-05 20:35:23.067444+00:00","75ec8317-760d-40e4-b7e5-26dc3a8d707f","[]","cb73cd3d-9eba-4220-9902-0de91566e980","incomplete","55503409c73a0f85","unknown","2026-08-05 20:55:06.322290+00:00","orphan-watchdog: heartbeat went stale while a substep plan was in flight. 0 substep(s) committed and 505348 data row(s) are present, but this route cannot prove the plan finished, so the asset was NOT promoted to 'lit'. Re-run the build to complete the plan (substep progress is resumable).","505348",""
"ga_medical","","0","","","[]","1c826d5a-41cb-4450-b4dc-59d440e5f75a","lit","58a6c691236b81b0","","2026-08-12 16:28:01.390420+00:00","","45",""
"ga_medical","","0","","","[]","482012f1-710e-4a25-994a-93821f5871aa","lit","353eaed544731fb6","","2026-08-08 00:33:43.530277+00:00","","45",""
"ga_medical","","0","","","[]","cb73cd3d-9eba-4220-9902-0de91566e980","lit","cee4079f7495a667","unknown","2026-07-27 09:02:34.076180+00:00","","45",""
"ga_nakshatra","","0","","","[]","1c826d5a-41cb-4450-b4dc-59d440e5f75a","lit","e3a3825afec3d178","unknown","2026-08-05 21:14:56.262335+00:00","","2858",""
"ga_nakshatra","","0","","","[]","482012f1-710e-4a25-994a-93821f5871aa","lit","4b6e1da8822a4d5d","","2026-08-08 00:26:44.197161+00:00","","2847","1802"
"ga_nakshatra","","0","","","[]","cb73cd3d-9eba-4220-9902-0de91566e980","lit","4c1af0bbbee4edd4","unknown","2026-07-27 08:46:17.122630+00:00","","1813",""
"ga_panchanga","","0","","","[]","1c826d5a-41cb-4450-b4dc-59d440e5f75a","lit","299a9ea7327d13a0","unknown","2026-07-26 06:42:57.168176+00:00","","417",""
"ga_panchanga","","0","2026-06-15 19:55:17.693563+00:00","1c2b2142-4577-429b-8eb1-501cc39233af","[]","482012f1-710e-4a25-994a-93821f5871aa","lit","d2cce165fdb5a139","","2026-08-08 00:21:16.756299+00:00","","437",""
"ga_panchanga","","0","","","[]","cb73cd3d-9eba-4220-9902-0de91566e980","lit","55503409c73a0f85","unknown","2026-07-27 08:45:46.683132+00:00","","415",""
"ga_positions","","0","","","[]","1c826d5a-41cb-4450-b4dc-59d440e5f75a","lit","e3b0c44298fc1c14","unknown","2026-07-26 06:36:36.564865+00:00","","1205",""
"ga_positions","","0","2026-06-15 19:54:30.509245+00:00","1c2b2142-4577-429b-8eb1-501cc39233af","[]","482012f1-710e-4a25-994a-93821f5871aa","lit","e3b0c44298fc1c14","","2026-08-08 00:20:23.263514+00:00","","1205",""
"ga_positions","","0","","","[]","cb73cd3d-9eba-4220-9902-0de91566e980","lit","e3b0c44298fc1c14","unknown","2026-07-27 08:39:14.052911+00:00","","1205",""
"ga_prashna","","0","","","[]","1c826d5a-41cb-4450-b4dc-59d440e5f75a","lit","299a9ea7327d13a0","unknown","2026-07-26 06:43:34.461524+00:00","","0",""
"ga_prashna","","0","","","[]","482012f1-710e-4a25-994a-93821f5871aa","lit","d2cce165fdb5a139","","2026-08-08 00:21:24.675263+00:00","","0",""
"ga_prashna","","0","","","[]","cb73cd3d-9eba-4220-9902-0de91566e980","lit","55503409c73a0f85","unknown","2026-07-27 08:46:23.831702+00:00","","0",""
"ga_sade_sati","","0","","","[]","1c826d5a-41cb-4450-b4dc-59d440e5f75a","lit","149d2602f80d5995","","2026-08-06 00:12:56.488468+00:00","","6280",""
"ga_sade_sati","","0","2026-06-15 20:17:00.297087+00:00","d6f07c93-b827-4930-8dff-4f0483a7973f","[]","482012f1-710e-4a25-994a-93821f5871aa","lit","3b6fb365f16a7cdb","","2026-08-10 01:27:59.010151+00:00","","6287",""
"ga_sade_sati","","0","","","[]","cb73cd3d-9eba-4220-9902-0de91566e980","lit","05cacc8392917eef","unknown","2026-07-27 09:03:58.582681+00:00","","6120",""
"ga_sensitive","","0","","","[]","1c826d5a-41cb-4450-b4dc-59d440e5f75a","lit","b3a79392a28b13be","unknown","2026-07-26 06:42:45.753544+00:00","","8775",""
"ga_sensitive","","0","","","[]","482012f1-710e-4a25-994a-93821f5871aa","lit","408690358b9bab4e","","2026-08-10 01:17:31.432222+00:00","","8775",""
"ga_sensitive","","0","","","[]","cb73cd3d-9eba-4220-9902-0de91566e980","lit","1990b7f937f14b12","unknown","2026-07-27 08:45:35.118891+00:00","","8775",""
"ga_sensitive_degree","","0","","","[]","1c826d5a-41cb-4450-b4dc-59d440e5f75a","lit","299a9ea7327d13a0","f268b02331201eaf","2026-07-27 06:15:04.400070+00:00","","335",""
"ga_sensitive_degree","","0","","","[]","482012f1-710e-4a25-994a-93821f5871aa","lit","d2cce165fdb5a139","","2026-08-08 00:24:04.345849+00:00","","335",""
"ga_sensitive_degree","","0","","","[]","cb73cd3d-9eba-4220-9902-0de91566e980","lit","55503409c73a0f85","unknown","2026-07-27 08:46:33.795054+00:00","","335",""
"ga_strength","","0","","","[]","1c826d5a-41cb-4450-b4dc-59d440e5f75a","lit","bb2324aff387f7c5","unknown","2026-07-26 06:44:46.055854+00:00","","13195",""
"ga_strength","","0","2026-06-15 16:05:13.997420+00:00","1121a534-ab3e-40e5-86c0-86cf0a15ca6f","[]","482012f1-710e-4a25-994a-93821f5871aa","lit","f1a5692b21ca16c2","","2026-08-08 00:22:40.267346+00:00","","13195",""
"ga_strength","","0","","","[]","cb73cd3d-9eba-4220-9902-0de91566e980","lit","1efe9a89246b8ea2","unknown","2026-07-27 08:47:37.294023+00:00","","13195",""
"ga_structural","","0","","","[]","1c826d5a-41cb-4450-b4dc-59d440e5f75a","lit","dbbf5944a1685386","","2026-08-06 00:03:52.076065+00:00","","103751",""
"ga_structural","","0","2026-06-18 14:24:29.536290+00:00","fee46721-63b7-4c2b-ae3d-d20fa8645be3","[]","482012f1-710e-4a25-994a-93821f5871aa","lit","5769d6b6a88203dd","","2026-08-10 01:19:25.651731+00:00","","103489",""
"ga_structural","","0","","","[]","cb73cd3d-9eba-4220-9902-0de91566e980","lit","f1434c3be6888d62","unknown","2026-07-27 09:03:26.237689+00:00","","103321",""
"ga_tajaka","","0","","","[]","1c826d5a-41cb-4450-b4dc-59d440e5f75a","lit","c29bab2c8e7453c7","","2026-08-12 16:28:53.775988+00:00","","235",""
"ga_tajaka","","0","2026-06-11 18:12:42.923992+00:00","be24be16-4f55-46ba-97d3-b0ef042dc1a6","[]","482012f1-710e-4a25-994a-93821f5871aa","lit","cde451dedba7db69","","2026-08-12 15:25:49.372724+00:00","","240",""
"ga_tajaka","","0","","","[]","cb73cd3d-9eba-4220-9902-0de91566e980","lit","e296392ab860424e","unknown","2026-07-27 09:02:16.684846+00:00","","305",""
"ga_transit_anchors","","0","","","[]","1c826d5a-41cb-4450-b4dc-59d440e5f75a","lit","299a9ea7327d13a0","unknown","2026-07-26 06:43:37.270621+00:00","","45",""
"ga_transit_anchors","","0","","","[]","482012f1-710e-4a25-994a-93821f5871aa","lit","d2cce165fdb5a139","","2026-08-08 00:23:04.727271+00:00","","45",""
"ga_transit_anchors","","0","","","[]","cb73cd3d-9eba-4220-9902-0de91566e980","lit","55503409c73a0f85","unknown","2026-07-27 08:46:26.546403+00:00","","45",""
"ga_vargas","","0","2026-06-12 12:36:13.544391+00:00","0b2cdcef-6aec-4e7f-aa6e-b77d05f88ee8","[]","1c826d5a-41cb-4450-b4dc-59d440e5f75a","lit","299a9ea7327d13a0","unknown","2026-07-26 06:36:58.076537+00:00","","38620",""
"ga_vargas","","0","","","[]","482012f1-710e-4a25-994a-93821f5871aa","lit","d2cce165fdb5a139","","2026-08-08 00:21:56.664016+00:00","","38620",""
"ga_vargas","","0","","","[]","cb73cd3d-9eba-4220-9902-0de91566e980","lit","55503409c73a0f85","unknown","2026-07-27 08:39:32.199074+00:00","","38620",""
"ga_vastu","","0","","","[]","1c826d5a-41cb-4450-b4dc-59d440e5f75a","lit","7465f25712133165","","2026-08-12 16:29:39.930199+00:00","","40",""
"ga_vastu","","0","","","[]","482012f1-710e-4a25-994a-93821f5871aa","lit","5754e0ec52d4cc02","","2026-08-08 00:33:42.220856+00:00","","40",""
"ga_vastu","","0","","","[]","cb73cd3d-9eba-4220-9902-0de91566e980","lit","a6dbca8ff88d08a9","unknown","2026-07-27 09:02:33.211050+00:00","","40",""
"ga_vichara","","0","","","[]","1c826d5a-41cb-4450-b4dc-59d440e5f75a","lit","8c37a06d707025d6","","2026-08-06 00:15:30.282772+00:00","","8247",""
"ga_vichara","","0","","","[]","482012f1-710e-4a25-994a-93821f5871aa","lit","0747c632c4f24c3c","","2026-08-10 01:30:11.496209+00:00","","8249",""
"ga_vichara","","0","","","[]","cb73cd3d-9eba-4220-9902-0de91566e980","lit","078edc864350ca8a","unknown","2026-07-27 09:04:05.461975+00:00","","8240",""
"ga_yoga","","0","","","[]","1c826d5a-41cb-4450-b4dc-59d440e5f75a","lit","ebfb73221e22f0df","","2026-08-06 00:04:08.281347+00:00","","69",""
"ga_yoga","","0","","","[]","482012f1-710e-4a25-994a-93821f5871aa","lit","bdf8c3a001c34a2d","","2026-08-10 01:19:49.749424+00:00","","63",""
"ga_yoga","","0","","","[]","cb73cd3d-9eba-4220-9902-0de91566e980","lit","52859f1fdc8edc8f","unknown","2026-07-27 09:03:33.470120+00:00","","80",""
"ka_avadhi","","0","","","[]","1c826d5a-41cb-4450-b4dc-59d440e5f75a","lit","1c96770a162fd8e7","","2026-08-12 16:30:11.974110+00:00","","1160",""
"ka_avadhi","","0","","","[]","482012f1-710e-4a25-994a-93821f5871aa","lit","5fc98e01c2a61efb","","2026-08-12 15:25:35.723162+00:00","","1169",""
"ka_avadhi","","0","","","[]","cb73cd3d-9eba-4220-9902-0de91566e980","error","fdf8e96b77841216","unknown","2026-08-07 15:11:36.630754+00:00","BLOCKED: upstream dependency(ies) bg_ghatana, ga_dashas did not complete in this run; skipped to avoid building on incomplete data","1291",""
"ka_bhavishya_lekha","","0","","","[]","1c826d5a-41cb-4450-b4dc-59d440e5f75a","lit","0587101ab15e2fa5","","2026-08-12 17:09:24.611215+00:00","","100",""
"ka_bhavishya_lekha","","0","","","[]","482012f1-710e-4a25-994a-93821f5871aa","lit","3882a19a0733792c","unknown","2026-08-13 01:15:54.314753+00:00","","100",""
"ka_bhavishya_lekha","","0","","","[]","cb73cd3d-9eba-4220-9902-0de91566e980","error","493d6f3e9a4a999f","unknown","2026-08-07 14:56:29.475823+00:00","DEP-ASSERT: declared dependency(ies) not lit before run: ka_kala_darshana(stale), ka_sangam(stale), ka_vighnakara(stale) — refused to build on incomplete/missing upstream data | ANOMALY (data present despite state): ka_sangam: expected state 'lit', actual 'stale', but 2540 data rows ARE present (run=26918057-e127-40cc-8f74-4f68dea989d4); ka_vighnakara: expected state 'lit', actual 'stale', but 6 data rows ARE present (run=26918057-e127-40cc-8f74-4f68dea989d4)","0",""
"ka_dasha_kala","","0","","","[]","1c826d5a-41cb-4450-b4dc-59d440e5f75a","lit","afc2890e5b5269cd","","2026-08-06 04:12:49.028694+00:00","","0",""
"ka_dasha_kala","","0","","","[]","482012f1-710e-4a25-994a-93821f5871aa","lit","95c52d17608b0840","","2026-08-08 00:28:57.200368+00:00","","0",""
"ka_dasha_kala","","0","","","[]","cb73cd3d-9eba-4220-9902-0de91566e980","lit","2beaac30e39e3331","unknown","2026-07-27 13:58:16.540293+00:00","","0",""
"ka_gochara","","0","","","[]","1c826d5a-41cb-4450-b4dc-59d440e5f75a","lit","9ac41434695f12a6","","2026-08-11 21:50:18.038027+00:00","","821",""
"ka_gochara","","0","","","[]","482012f1-710e-4a25-994a-93821f5871aa","lit","521cd9013a1f47d0","unknown","2026-08-13 01:04:50.784593+00:00","","83",""
"ka_gochara_resonance","","0","","","[]","1c826d5a-41cb-4450-b4dc-59d440e5f75a","lit","718d4e423946c7b6","","2026-08-11 16:31:51.434417+00:00","","750",""
"ka_gochara_resonance","","0","","","[]","482012f1-710e-4a25-994a-93821f5871aa","lit","718d4e423946c7b6","","2026-08-12 22:24:33.722445+00:00","","762",""
"ka_gochara_resonance","","0","","","[]","cb73cd3d-9eba-4220-9902-0de91566e980","lit","e3b0c44298fc1c14","unknown","2026-07-27 13:58:20.968088+00:00","","77",""
"ka_gochara_sweep","","0","","","[]","1c826d5a-41cb-4450-b4dc-59d440e5f75a","error","8ee9022e45cee3eb","unknown","2026-08-12 16:30:19.625456+00:00","no writer registered for ka_gochara_sweep","1705",""
"ka_gochara_sweep","","0","","","[]","482012f1-710e-4a25-994a-93821f5871aa","error","1e9e46326a49170c","","2026-08-12 15:56:35.616518+00:00","no writer registered for ka_gochara_sweep","0",""
"ka_gochara_sweep","","0","","","[]","cb73cd3d-9eba-4220-9902-0de91566e980","error","","","2026-07-27 19:58:18.289258+00:00","BLOCKED: upstream dependency(ies) timeout:21600s did not complete in this run; skipped to avoid building on incomplete data","2684",""
"ka_gochara_v3_century_materialize","","0","","","[]","1c826d5a-41cb-4450-b4dc-59d440e5f75a","stale","ea27c8e608d5cc01","","2026-08-11 21:48:23.532233+00:00","","0",""
"ka_gochara_v3_century_materialize","","0","","","[]","482012f1-710e-4a25-994a-93821f5871aa","error","d467308721c90aa9","","2026-08-21 13:37:44.534065+00:00","RaiseException: BUILD-PROTECTED: kala_gochara_windows row(s) for chart_id 482012f1-710e-4a25-994a-93821f5871aa (generation=3.0, asset_id=ka_gochara) are protected — DELETE is refused. Set app.allow_protected_sweep_rewrite=on for this session to override (native decision required; see build_protected_assets.reason for PARISHKARA MR-06 protection rationale).
CONTEXT:  PL/pgSQL function build_gen3_gochara_guard_row() line 24 at RAISE
Traceback (most recent call last):
  File ""/app/platform/python-sidecar/pipeline/orchestrator/asset_runner.py"", line 562, in _run_data_writer
    rows_inserted, rows_updated = _drive_substeps(conn, cur, run_id, chart_id, asset_id, writer, ctx)
                                  ^^^^^^^^^^^^^^^^^^^^^^^^^^^^^^^^^^^^^^^^^^^^^^^^^^^^^^^^^^^^^^^^^^^
  File ""/app/platform/python-sidecar/pipeline/orchestrator/asset_runner.py"", line 440, in _drive_substeps
    result = writer.run_substep(ctx, step)
             ^^^^^^^^^^^^^^^^^^^^^^^^^^^^^
  File ""/app/platform/python-sidecar/pipeline/orchestrator/writers/ka_gochara_v3_century_materialize.py"", line 2166, in run_substep
    cur.execute(
  File ""/usr/local/lib/python3.11/site-packages/psycopg/cursor.py"", line 117, in execute
    raise ex.with_traceback(None)
psycopg.errors.RaiseException: BUILD-PROTECTED: kala_gochara_windows row(s) for chart_id 482012f1-710e-4a25-994a-93821f5871aa (generation=3.0, asset_id=ka_gochara) are protected — DELETE is refused. Set app.allow_protected_sweep_rewrite=on for this session to override (native decision required; see build_protected_assets.reason for PARISHKARA MR-06 protection rationale).
CONTEXT:  PL/pgSQL function build_gen3_gochara_guard_row() line 24 at RAISE
","914",""
"ka_graha_sancara","","0","","","[]","","lit","4387c9c24eed3ef4","unknown","2026-08-02 13:50:52.041520+00:00","","0",""
"ka_jivana_parva","","0","","","[]","1c826d5a-41cb-4450-b4dc-59d440e5f75a","lit","1a1cb3cc375cd823","","2026-08-12 17:09:25.179266+00:00","","100",""
"ka_jivana_parva","","0","","","[]","482012f1-710e-4a25-994a-93821f5871aa","lit","41135177d7df8ef7","unknown","2026-08-13 01:15:55.070135+00:00","","100",""
"ka_jivana_parva","","0","","","[]","cb73cd3d-9eba-4220-9902-0de91566e980","stale","15fd04e38c697983","unknown","2026-07-27 14:21:45.709931+00:00","","109",""
"ka_kala_darshana","","0","","","[]","1c826d5a-41cb-4450-b4dc-59d440e5f75a","lit","3705b4e21a548def","","2026-08-12 17:09:19.054168+00:00","","750",""
"ka_kala_darshana","","0","","","[]","482012f1-710e-4a25-994a-93821f5871aa","lit","00a380192e19fd7a","unknown","2026-08-13 01:15:53.303027+00:00","","750",""
"ka_kala_darshana","","0","","","[]","cb73cd3d-9eba-4220-9902-0de91566e980","stale","357c49ac4d3c1079","unknown","2026-07-27 14:21:43.649004+00:00","","750",""
"ka_kalasutra","","0","","","[]","1c826d5a-41cb-4450-b4dc-59d440e5f75a","lit","c9fb120b123dad8b","","2026-08-12 17:09:11.911137+00:00","","336093",""
"ka_kalasutra","","0","","","[]","482012f1-710e-4a25-994a-93821f5871aa","lit","3cbf894c8a0e79dd","unknown","2026-08-13 01:15:50.567754+00:00","","335403",""
"ka_kalasutra","","0","","","[]","cb73cd3d-9eba-4220-9902-0de91566e980","stale","19252202f6c65cfd","unknown","2026-07-27 14:20:55.256702+00:00","","335447",""
"ka_kota_chakra","","0","","","[]","1c826d5a-41cb-4450-b4dc-59d440e5f75a","dormant","6be30342c57516c1","","2026-08-10 06:31:50.205106+00:00","","585",""
"ka_kota_chakra","","0","","","[]","482012f1-710e-4a25-994a-93821f5871aa","lit","9da8bd5084202af3","","2026-08-12 22:24:19.467933+00:00","","588",""
"ka_kshetra","","0","","","[]","1c826d5a-41cb-4450-b4dc-59d440e5f75a","lit","ae7cc1494813a178","","2026-08-12 22:26:27.922392+00:00","","837992",""
"ka_kshetra","","0","","","[]","482012f1-710e-4a25-994a-93821f5871aa","stale","6e70ee6d75cd7fea","unknown","2026-08-15 06:28:11.690022+00:00","orphan-watchdog: heartbeat went stale while a substep plan was in flight. 301 substep(s) committed and 8599775 data row(s) are present, but this route cannot prove the plan finished, so the asset was NOT promoted to 'lit'. Re-run the build to complete the plan (substep progress is resumable).","11069325",""
"ka_kshetra","","0","","","[]","cb73cd3d-9eba-4220-9902-0de91566e980","error","","","2026-08-07 15:11:37.119243+00:00","BLOCKED: upstream dependency(ies) bo_upaya, ka_gochara_sweep did not complete in this run; skipped to avoid building on incomplete data","",""
"ka_moorti_nirnaya","","0","","","[]","1c826d5a-41cb-4450-b4dc-59d440e5f75a","lit","911de8412e67d384","","2026-08-12 16:30:33.576607+00:00","","72",""
"ka_moorti_nirnaya","","0","","","[]","482012f1-710e-4a25-994a-93821f5871aa","lit","c040b2ec40c62627","","2026-08-12 15:25:38.535470+00:00","","72",""
"ka_muhurta_seva","","0","","","[]","","lit","2da7bdc0194e733c","unknown","2026-08-02 13:50:52.126596+00:00","","0",""
"ka_sangam","","0","","","[]","1c826d5a-41cb-4450-b4dc-59d440e5f75a","lit","c9ad64f5131813ff","","2026-08-12 16:58:48.046991+00:00","","17957",""
"ka_sangam","","0","","","[]","482012f1-710e-4a25-994a-93821f5871aa","lit","e1435a06d58a14b2","unknown","2026-08-13 01:07:13.494312+00:00","","14868",""
"ka_sangam","","0","","","[]","cb73cd3d-9eba-4220-9902-0de91566e980","stale","696f1a57db51215a","unknown","2026-07-27 14:13:13.206855+00:00","","32845",""
"ka_sudarshana_varsha","","0","","","[]","482012f1-710e-4a25-994a-93821f5871aa","lit","d2cce165fdb5a139","","2026-08-08 00:24:35.216202+00:00","","120",""
"ka_taranga","","0","","","[]","1c826d5a-41cb-4450-b4dc-59d440e5f75a","lit","1827954965f88e70","","2026-08-12 16:59:39.146677+00:00","","92412",""
"ka_taranga","","0","","","[]","482012f1-710e-4a25-994a-93821f5871aa","lit","343edfeef89d47ab","unknown","2026-08-13 01:07:58.689168+00:00","","92412",""
"ka_taranga","","0","","","[]","cb73cd3d-9eba-4220-9902-0de91566e980","error","fd0564fe20747e6b","unknown","2026-08-07 15:11:36.854870+00:00","BLOCKED: upstream dependency(ies) bg_ghatana, ga_dashas, ka_avadhi did not complete in this run; skipped to avoid building on incomplete data","92412",""
"ka_tithi_pravesha","","0","","","[]","1c826d5a-41cb-4450-b4dc-59d440e5f75a","lit","299a9ea7327d13a0","","2026-08-12 16:30:39.330944+00:00","","120",""
"ka_tithi_pravesha","","0","","","[]","482012f1-710e-4a25-994a-93821f5871aa","lit","d2cce165fdb5a139","","2026-08-12 15:25:40.396005+00:00","","120",""
"ka_tulana","","0","","","[]","1c826d5a-41cb-4450-b4dc-59d440e5f75a","lit","d5359e2908ecb145","","2026-08-12 17:09:23.949211+00:00","","0",""
"ka_tulana","","0","","","[]","482012f1-710e-4a25-994a-93821f5871aa","lit","2385e84337cc7b77","unknown","2026-08-13 01:15:55.289687+00:00","","0",""
"ka_tulana","","0","","","[]","cb73cd3d-9eba-4220-9902-0de91566e980","stale","378b669b91968a47","unknown","2026-07-27 14:21:47.638205+00:00","","0",""
"ka_vedha_gochara","","0","","","[]","1c826d5a-41cb-4450-b4dc-59d440e5f75a","dormant","785b5a828c8b576c","","2026-08-10 06:31:50.294612+00:00","","178",""
"ka_vedha_gochara","","0","","","[]","482012f1-710e-4a25-994a-93821f5871aa","lit","57625616d5f54311","","2026-08-12 22:22:21.937707+00:00","","176",""
"ka_vighnakara","","0","","","[]","1c826d5a-41cb-4450-b4dc-59d440e5f75a","lit","37bb280ee973f508","","2026-08-12 16:59:19.473134+00:00","","741",""
"ka_vighnakara","","0","","","[]","482012f1-710e-4a25-994a-93821f5871aa","lit","971f71f0afca78c6","unknown","2026-08-13 01:08:12.911241+00:00","","536",""
"ka_vighnakara","","0","","","[]","cb73cd3d-9eba-4220-9902-0de91566e980","stale","17cadd67892ff46c","unknown","2026-07-27 14:21:19.010742+00:00","","623",""
"ka_yojaka","","0","","","[]","1c826d5a-41cb-4450-b4dc-59d440e5f75a","lit","50951380f6589e81","","2026-08-12 16:31:26.111601+00:00","","50171",""
"ka_yojaka","","0","","","[]","482012f1-710e-4a25-994a-93821f5871aa","lit","608f3b28358166cc","","2026-08-12 15:26:14.468605+00:00","","50104",""
"ka_yojaka","","0","","","[]","cb73cd3d-9eba-4220-9902-0de91566e980","error","8f7392fb54267e04","unknown","2026-08-07 15:11:36.452223+00:00","BLOCKED: upstream dependency(ies) bg_ghatana, bg_transit_rules, ga_dashas did not complete in this run; skipped to avoid building on incomplete data","49875",""
"mi_abhilekha","","0","","","[]","1c826d5a-41cb-4450-b4dc-59d440e5f75a","lit","3d239d1e06e484ca","","2026-08-12 17:11:53.816939+00:00","","0",""
"mi_abhilekha","","0","","","[]","482012f1-710e-4a25-994a-93821f5871aa","stale","5ca856fe744fab07","unknown","2026-08-13 01:16:30.108068+00:00","","0",""
"mi_adhilepa","","0","","","[]","1c826d5a-41cb-4450-b4dc-59d440e5f75a","lit","b9d9fc9e808d334b","","2026-08-12 17:12:27.453927+00:00","","112481",""
"mi_adhilepa","","0","","","[]","482012f1-710e-4a25-994a-93821f5871aa","error","91545f502408908c","unknown","2026-08-21 02:36:53.708535+00:00","BLOCKED: upstream dependency(ies) mi_gunanaka did not complete in this run; skipped to avoid building on incomplete data","112270",""
"mi_adhilepa","","0","","","[]","cb73cd3d-9eba-4220-9902-0de91566e980","error","","","2026-08-07 14:56:31.500752+00:00","BLOCKED: upstream dependency(ies) ph_nimitta did not complete in this run; skipped to avoid building on incomplete data","",""
"mi_bhara","","0","","","[]","1c826d5a-41cb-4450-b4dc-59d440e5f75a","error","e1ae2fae7bd32ce5","unknown","2026-08-12 17:12:37.224067+00:00","BLOCKED: upstream dependency(ies) ka_kshetra did not complete in this run; skipped to avoid building on incomplete data","0",""
"mi_bhara","","0","","","[]","482012f1-710e-4a25-994a-93821f5871aa","error","53be7fa0ef18347d","","2026-08-21 02:28:16.524173+00:00","BLOCKED: upstream dependency(ies) timeout:600s did not complete in this run; skipped to avoid building on incomplete data","0",""
"mi_bhavisya","","0","","","[]","1c826d5a-41cb-4450-b4dc-59d440e5f75a","lit","a27e49d63720b48b","","2026-08-12 17:11:48.712531+00:00","","112",""
"mi_bhavisya","","0","","","[]","482012f1-710e-4a25-994a-93821f5871aa","error","4810a757d4035ee4","unknown","2026-08-21 02:36:53.672507+00:00","BLOCKED: upstream dependency(ies) ph_phaladesa, ph_pramana did not complete in this run; skipped to avoid building on incomplete data","278",""
"mi_darshana","","0","","","[]","1c826d5a-41cb-4450-b4dc-59d440e5f75a","lit","3e920ce2f9e9d8cf","","2026-08-12 17:12:35.426490+00:00","","35",""
"mi_darshana","","0","","","[]","482012f1-710e-4a25-994a-93821f5871aa","error","afba6fd41be92722","unknown","2026-08-21 02:36:53.753400+00:00","BLOCKED: upstream dependency(ies) mi_adhilepa, mi_gunanaka, mi_pariksha, mi_pramana, mi_sambandha did not complete in this run; skipped to avoid building on incomplete data","115",""
"mi_darshana","","0","","","[]","cb73cd3d-9eba-4220-9902-0de91566e980","error","","","2026-08-07 14:56:36.733589+00:00","BLOCKED: upstream dependency(ies) mi_adhilepa did not complete in this run; skipped to avoid building on incomplete data","",""
"mi_gunanaka","","0","","","[]","1c826d5a-41cb-4450-b4dc-59d440e5f75a","lit","299244bb54c1798b","","2026-08-12 17:12:00.657519+00:00","","9",""
"mi_gunanaka","","0","","","[]","482012f1-710e-4a25-994a-93821f5871aa","error","eadf4612ecef6882","unknown","2026-08-21 02:36:53.690124+00:00","BLOCKED: upstream dependency(ies) mi_pramana did not complete in this run; skipped to avoid building on incomplete data","9",""
"mi_jivanaghatana","","0","","","[]","1c826d5a-41cb-4450-b4dc-59d440e5f75a","lit","a9cafb1349937d4b","unknown","2026-07-26 21:18:01.144158+00:00","","0",""
"mi_jivanaghatana","","0","","","[]","482012f1-710e-4a25-994a-93821f5871aa","lit","a9cafb1349937d4b","","2026-08-08 00:18:13.998786+00:00","","64",""
"mi_kula","","0","","","[]","","lit","f04d981de3c79755","unknown","2026-08-02 13:50:52.227555+00:00","","15",""
"mi_pariksha","","0","","","[]","1c826d5a-41cb-4450-b4dc-59d440e5f75a","lit","299244bb54c1798b","","2026-08-12 17:12:06.095182+00:00","","6",""
"mi_pariksha","","0","","","[]","482012f1-710e-4a25-994a-93821f5871aa","error","eadf4612ecef6882","unknown","2026-08-21 02:36:53.655163+00:00","BLOCKED: upstream dependency(ies) mi_pramana did not complete in this run; skipped to avoid building on incomplete data","1664",""
"mi_pariksha","","0","","","[]","cb73cd3d-9eba-4220-9902-0de91566e980","error","","","2026-08-07 15:11:37.433911+00:00","BLOCKED: upstream dependency(ies) mi_pramana did not complete in this run; skipped to avoid building on incomplete data","",""
"mi_pramana","","0","","","[]","1c826d5a-41cb-4450-b4dc-59d440e5f75a","lit","910c49d74a4b00f1","","2026-08-12 17:11:55.334107+00:00","","0",""
"mi_pramana","","0","","","[]","482012f1-710e-4a25-994a-93821f5871aa","error","b107a12d68a70ca2","unknown","2026-08-21 02:36:53.627032+00:00","BLOCKED: upstream dependency(ies) mi_bhavisya did not complete in this run; skipped to avoid building on incomplete data","63",""
"mi_sambandha","","0","","","[]","1c826d5a-41cb-4450-b4dc-59d440e5f75a","lit","1ebdf979dfc7bcf9","","2026-08-12 17:12:13.400823+00:00","","23",""
"mi_sambandha","","0","","","[]","482012f1-710e-4a25-994a-93821f5871aa","error","e134df6b5eb2cc62","unknown","2026-08-21 02:36:53.726749+00:00","BLOCKED: upstream dependency(ies) mi_bhavisya, mi_pariksha, mi_pramana did not complete in this run; skipped to avoid building on incomplete data","24",""
"mi_sankalpa","","0","","","[]","482012f1-710e-4a25-994a-93821f5871aa","dormant","99d1bbeed7ef47d1","unknown","2026-08-13 01:02:38.387443+00:00","","0",""
"mi_seva","","0","","","[]","1c826d5a-41cb-4450-b4dc-59d440e5f75a","lit","369dbc51552e21c3","","2026-08-12 17:12:32.641922+00:00","","0",""
"mi_seva","","0","","","[]","482012f1-710e-4a25-994a-93821f5871aa","stale","9efe218db234ed7d","unknown","2026-08-13 01:17:19.317030+00:00","","0",""
"mi_vistara","","0","","","[]","","lit","e3b0c44298fc1c14","unknown","2026-08-02 13:50:52.267777+00:00","","0",""
"ph_muhurta","","0","","","[]","1c826d5a-41cb-4450-b4dc-59d440e5f75a","lit","900abfc9e69c2b4c","","2026-08-12 17:10:23.322490+00:00","","56",""
"ph_muhurta","","0","","","[]","482012f1-710e-4a25-994a-93821f5871aa","lit","940703431dd489c9","unknown","2026-08-13 01:16:03.105166+00:00","","139",""
"ph_nimitta","","0","","","[]","1c826d5a-41cb-4450-b4dc-59d440e5f75a","lit","2045758aed2b6c64","","2026-08-12 17:10:09.740689+00:00","","56",""
"ph_nimitta","","0","","","[]","482012f1-710e-4a25-994a-93821f5871aa","lit","d262d67b0474fb50","unknown","2026-08-13 01:16:00.435155+00:00","","139",""
"ph_nimitta","","0","","","[]","cb73cd3d-9eba-4220-9902-0de91566e980","error","","","2026-08-07 14:56:30.882245+00:00","BLOCKED: upstream dependency(ies) ka_bhavishya_lekha did not complete in this run; skipped to avoid building on incomplete data","",""
"ph_phaladesa","","0","","","[]","1c826d5a-41cb-4450-b4dc-59d440e5f75a","lit","84faa0136ed1a988","","2026-08-12 17:11:40.333705+00:00","","13",""
"ph_phaladesa","","0","","","[]","482012f1-710e-4a25-994a-93821f5871aa","stale","5d58ffb62f2de804","unknown","2026-08-13 01:16:27.343582+00:00","","13",""
"ph_phaladesa","","0","","","[]","cb73cd3d-9eba-4220-9902-0de91566e980","error","","","2026-08-07 14:56:31.248928+00:00","BLOCKED: upstream dependency(ies) ph_nimitta did not complete in this run; skipped to avoid building on incomplete data","",""
"ph_pramana","","0","","","[]","1c826d5a-41cb-4450-b4dc-59d440e5f75a","lit","e7bd624ebab5268a","","2026-08-12 17:11:31.591088+00:00","","56",""
"ph_pramana","","0","","","[]","482012f1-710e-4a25-994a-93821f5871aa","stale","1a50e40dd798a21d","unknown","2026-08-13 01:16:22.481143+00:00","","139",""
"ph_pratikara","","0","","","[]","1c826d5a-41cb-4450-b4dc-59d440e5f75a","lit","09d0f14a7f4bc735","","2026-08-12 17:11:21.361862+00:00","","741",""
"ph_pratikara","","0","","","[]","482012f1-710e-4a25-994a-93821f5871aa","stale","48b953307c1d2b77","unknown","2026-08-13 01:16:05.883214+00:00","","536",""
"ph_rectification","","0","","","[]","1c826d5a-41cb-4450-b4dc-59d440e5f75a","lit","18d1b87f75c3e4d0","","2026-08-12 17:10:34.028689+00:00","","186",""
"ph_rectification","","0","","","[]","482012f1-710e-4a25-994a-93821f5871aa","lit","bb1935be1d62af32","unknown","2026-08-13 01:16:06.163083+00:00","","186",""
"ph_sankrama","","0","","","[]","1c826d5a-41cb-4450-b4dc-59d440e5f75a","lit","ed832d8de1d82b31","","2026-08-12 17:11:02.554013+00:00","","475",""
"ph_sankrama","","0","","","[]","482012f1-710e-4a25-994a-93821f5871aa","lit","bbe49896de1dd64e","unknown","2026-08-13 01:16:21.621682+00:00","","2510",""
"ph_sodhana","","0","","","[]","1c826d5a-41cb-4450-b4dc-59d440e5f75a","lit","c6029ab2e7689e28","","2026-08-12 17:10:34.525915+00:00","","41",""
"ph_sodhana","","0","","","[]","482012f1-710e-4a25-994a-93821f5871aa","lit","11b3394e6d919f0c","unknown","2026-08-13 01:16:07.622477+00:00","","97",""
"ph_suddha_sodhana","","0","","","[]","1c826d5a-41cb-4450-b4dc-59d440e5f75a","lit","27c1745f10c5b4fd","","2026-08-12 17:10:43.845622+00:00","","56",""
"ph_suddha_sodhana","","0","","","[]","482012f1-710e-4a25-994a-93821f5871aa","lit","76bff428b1b402b3","unknown","2026-08-13 01:16:09.082588+00:00","","139",""
