chart_id,insight_id,insight_type,domain,horizon,question_lens,statement,rank_consequence,confidence_band,n_support,leakage_status,evidence_grade,freshness_lel_version,last_calibrated_at,provenance_chain,is_negative_knowledge,surface_formula_version,updated_at
482012f1-710e-4a25-994a-93821f5871aa,disc_retro_732a4119-a333-5ce5-afbf-082453e1f6d5,retrodiction,,,,Blind retrodiction for 732a4119-a333-5ce5-afbf-082453e1f6d5 (career) with T−90d cutoff 2026-01-08. Top-k anchors matched: 1.,0.2475,,1,clean,prior_only,v1.7,2026-08-13 01:17:18.851494+00,"{""status"": ""candidate"", ""discovery_id"": ""retro_732a4119-a333-5ce5-afbf-082453e1f6d5""}",f,mi_darshana_v1.0,2026-08-13 01:17:18.816256+00
482012f1-710e-4a25-994a-93821f5871aa,disc_retro_153d920e-640d-598c-9380-795a5d4efa63,retrodiction,,,,Blind retrodiction for 153d920e-640d-598c-9380-795a5d4efa63 (career) with T−90d cutoff 2025-12-20. Top-k anchors matched: 1.,0.2475,,1,clean,prior_only,v1.7,2026-08-13 01:17:18.851494+00,"{""status"": ""candidate"", ""discovery_id"": ""retro_153d920e-640d-598c-9380-795a5d4efa63""}",f,mi_darshana_v1.0,2026-08-13 01:17:18.816256+00
482012f1-710e-4a25-994a-93821f5871aa,disc_disc_2f9e0ce3-ce9a-4087-b_magnitude,emergent_law,,,,"Signal '2f9e0ce3-ce9a-4087-b725-bb1949728c37' shows consistent magnitude-dimension credit (mean=0.22, n=9). Candidate emergent calibration law.",0.2161,"[0.07,0.37)",9,clean,empirical,v1.7,2026-08-13 01:17:18.851494+00,"{""status"": ""candidate"", ""discovery_id"": ""disc_2f9e0ce3-ce9a-4087-b_magnitude""}",f,mi_darshana_v1.0,2026-08-13 01:17:18.816256+00
482012f1-710e-4a25-994a-93821f5871aa,disc_disc_ebb1c88a-8141-4c7e-8_magnitude,emergent_law,,,,"Signal 'ebb1c88a-8141-4c7e-860b-54ac293a06ac' shows consistent magnitude-dimension credit (mean=0.22, n=41). Candidate emergent calibration law.",0.2161,"[0.07,0.37)",41,clean,empirical,v1.7,2026-08-13 01:17:18.851494+00,"{""status"": ""candidate"", ""discovery_id"": ""disc_ebb1c88a-8141-4c7e-8_magnitude""}",f,mi_darshana_v1.0,2026-08-13 01:17:18.816256+00
482012f1-710e-4a25-994a-93821f5871aa,disc_disc_d49da2e1-4b63-45f1-9_magnitude,emergent_law,,,,"Signal 'd49da2e1-4b63-45f1-920e-c274df3ded21' shows consistent magnitude-dimension credit (mean=0.22, n=41). Candidate emergent calibration law.",0.2161,"[0.07,0.37)",41,clean,empirical,v1.7,2026-08-13 01:17:18.851494+00,"{""status"": ""candidate"", ""discovery_id"": ""disc_d49da2e1-4b63-45f1-9_magnitude""}",f,mi_darshana_v1.0,2026-08-13 01:17:18.816256+00
482012f1-710e-4a25-994a-93821f5871aa,disc_disc_c31d3e74-2f44-41a6-8_magnitude,emergent_law,,,,"Signal 'c31d3e74-2f44-41a6-8025-b32e44dbe1e2' shows consistent magnitude-dimension credit (mean=0.22, n=41). Candidate emergent calibration law.",0.2161,"[0.07,0.37)",41,clean,empirical,v1.7,2026-08-13 01:17:18.851494+00,"{""status"": ""candidate"", ""discovery_id"": ""disc_c31d3e74-2f44-41a6-8_magnitude""}",f,mi_darshana_v1.0,2026-08-13 01:17:18.816256+00
482012f1-710e-4a25-994a-93821f5871aa,disc_disc_483e332a-a168-4cf1-b_magnitude,emergent_law,,,,"Signal '483e332a-a168-4cf1-b93b-0ad55d77d91c' shows consistent magnitude-dimension credit (mean=0.22, n=41). Candidate emergent calibration law.",0.2161,"[0.07,0.37)",41,clean,empirical,v1.7,2026-08-13 01:17:18.851494+00,"{""status"": ""candidate"", ""discovery_id"": ""disc_483e332a-a168-4cf1-b_magnitude""}",f,mi_darshana_v1.0,2026-08-13 01:17:18.816256+00
482012f1-710e-4a25-994a-93821f5871aa,disc_disc_bde5423d-ac30-4ecd-a_magnitude,emergent_law,,,,"Signal 'bde5423d-ac30-4ecd-ab7b-1dbec4232742' shows consistent magnitude-dimension credit (mean=0.22, n=9). Candidate emergent calibration law.",0.2161,"[0.07,0.37)",9,clean,empirical,v1.7,2026-08-13 01:17:18.851494+00,"{""status"": ""candidate"", ""discovery_id"": ""disc_bde5423d-ac30-4ecd-a_magnitude""}",f,mi_darshana_v1.0,2026-08-13 01:17:18.816256+00
482012f1-710e-4a25-994a-93821f5871aa,disc_disc_2dff20cd-12f5-492e-a_magnitude,emergent_law,,,,"Signal '2dff20cd-12f5-492e-a88e-3fef42547eca' shows consistent magnitude-dimension credit (mean=0.22, n=41). Candidate emergent calibration law.",0.2161,"[0.07,0.37)",41,clean,empirical,v1.7,2026-08-13 01:17:18.851494+00,"{""status"": ""candidate"", ""discovery_id"": ""disc_2dff20cd-12f5-492e-a_magnitude""}",f,mi_darshana_v1.0,2026-08-13 01:17:18.816256+00
482012f1-710e-4a25-994a-93821f5871aa,disc_retro_3a37fa76-cfc1-599b-bbdf-97cff784f5ac,retrodiction,,,,Blind retrodiction for 3a37fa76-cfc1-599b-bbdf-97cff784f5ac (relationship) with T−90d cutoff 1997-11-18. Top-k anchors matched: 3.,0.02,,3,clean,prior_only,v1.7,2026-08-13 01:17:18.851494+00,"{""status"": ""candidate"", ""discovery_id"": ""retro_3a37fa76-cfc1-599b-bbdf-97cff784f5ac""}",f,mi_darshana_v1.0,2026-08-13 01:17:18.816256+00
482012f1-710e-4a25-994a-93821f5871aa,disc_retro_aa591eb5-8e00-5600-b9c1-7177f7919ab8,retrodiction,,,,Blind retrodiction for aa591eb5-8e00-5600-b9c1-7177f7919ab8 (relationship) with T−90d cutoff 2012-07-17. Top-k anchors matched: 3.,0.02,,3,clean,prior_only,v1.7,2026-08-13 01:17:18.851494+00,"{""status"": ""candidate"", ""discovery_id"": ""retro_aa591eb5-8e00-5600-b9c1-7177f7919ab8""}",f,mi_darshana_v1.0,2026-08-13 01:17:18.816256+00
482012f1-710e-4a25-994a-93821f5871aa,disc_retro_928a1f56-0940-5428-a35a-8591f84fd5b4-fs,retrodiction,,,,Blind retrodiction for 928a1f56-0940-5428-a35a-8591f84fd5b4-fs (residential+travel) with T−90d cutoff 2019-02-14. Top-k anchors matched: 0.,0.5,,0,clean,prior_only,v1.7,2026-08-13 01:17:18.851494+00,"{""status"": ""candidate"", ""discovery_id"": ""retro_928a1f56-0940-5428-a35a-8591f84fd5b4-fs""}",f,mi_darshana_v1.0,2026-08-13 01:17:18.816256+00
482012f1-710e-4a25-994a-93821f5871aa,disc_retro_928a1f56-0940-5428-a35a-8591f84fd5b4,retrodiction,,,,Blind retrodiction for 928a1f56-0940-5428-a35a-8591f84fd5b4 (residential+travel) with T−90d cutoff 2019-02-14. Top-k anchors matched: 0.,0.5,,0,clean,prior_only,v1.7,2026-08-13 01:17:18.851494+00,"{""status"": ""candidate"", ""discovery_id"": ""retro_928a1f56-0940-5428-a35a-8591f84fd5b4""}",f,mi_darshana_v1.0,2026-08-13 01:17:18.816256+00
482012f1-710e-4a25-994a-93821f5871aa,disc_retro_974651b2-f743-56d9-b9e9-178e0b8e7431,retrodiction,,,,Blind retrodiction for 974651b2-f743-56d9-b9e9-178e0b8e7431 (health) with T−90d cutoff 2020-10-17. Top-k anchors matched: 0.,0.5,,0,clean,prior_only,v1.7,2026-08-13 01:17:18.851494+00,"{""status"": ""candidate"", ""discovery_id"": ""retro_974651b2-f743-56d9-b9e9-178e0b8e7431""}",f,mi_darshana_v1.0,2026-08-13 01:17:18.816256+00
482012f1-710e-4a25-994a-93821f5871aa,disc_retro_56a1222d-8c88-5445-b2a2-1fd89d470719-corr-20,retrodiction,,,,Blind retrodiction for 56a1222d-8c88-5445-b2a2-1fd89d470719-corr-2021-04 (spiritual) with T−90d cutoff 2021-01-01. Top-k anchors matched: 0.,0.5,,0,clean,prior_only,v1.7,2026-08-13 01:17:18.851494+00,"{""status"": ""candidate"", ""discovery_id"": ""retro_56a1222d-8c88-5445-b2a2-1fd89d470719-corr-2021-04""}",f,mi_darshana_v1.0,2026-08-13 01:17:18.816256+00
482012f1-710e-4a25-994a-93821f5871aa,disc_retro_74e527bb-1b22-51a8-bafb-8d4d7d80ae1d,retrodiction,,,,Blind retrodiction for 74e527bb-1b22-51a8-bafb-8d4d7d80ae1d (career) with T−90d cutoff 2021-04-02. Top-k anchors matched: 0.,0.5,,0,clean,prior_only,v1.7,2026-08-13 01:17:18.851494+00,"{""status"": ""candidate"", ""discovery_id"": ""retro_74e527bb-1b22-51a8-bafb-8d4d7d80ae1d""}",f,mi_darshana_v1.0,2026-08-13 01:17:18.816256+00
482012f1-710e-4a25-994a-93821f5871aa,disc_retro_b8884cbe-b894-588b-a70f-2c0a90fdeac5,retrodiction,,,,Blind retrodiction for b8884cbe-b894-588b-a70f-2c0a90fdeac5 (career) with T−90d cutoff 2021-04-02. Top-k anchors matched: 0.,0.5,,0,clean,prior_only,v1.7,2026-08-13 01:17:18.851494+00,"{""status"": ""candidate"", ""discovery_id"": ""retro_b8884cbe-b894-588b-a70f-2c0a90fdeac5""}",f,mi_darshana_v1.0,2026-08-13 01:17:18.816256+00
482012f1-710e-4a25-994a-93821f5871aa,disc_retro_d506f3e6-6188-5327-8920-d3896e630f08,retrodiction,,,,Blind retrodiction for d506f3e6-6188-5327-8920-d3896e630f08 (education) with T−90d cutoff 2023-03-17. Top-k anchors matched: 0.,0.5,,0,clean,prior_only,v1.7,2026-08-13 01:17:18.851494+00,"{""status"": ""candidate"", ""discovery_id"": ""retro_d506f3e6-6188-5327-8920-d3896e630f08""}",f,mi_darshana_v1.0,2026-08-13 01:17:18.816256+00
482012f1-710e-4a25-994a-93821f5871aa,disc_retro_661c8535-5906-5333-8b38-e14305bddad6,retrodiction,,,,Blind retrodiction for 661c8535-5906-5333-8b38-e14305bddad6 (career) with T−90d cutoff 2023-04-16. Top-k anchors matched: 0.,0.5,,0,clean,prior_only,v1.7,2026-08-13 01:17:18.851494+00,"{""status"": ""candidate"", ""discovery_id"": ""retro_661c8535-5906-5333-8b38-e14305bddad6""}",f,mi_darshana_v1.0,2026-08-13 01:17:18.816256+00
482012f1-710e-4a25-994a-93821f5871aa,disc_retro_836bb274-6a6f-5c29-a298-f3c476197b8a,retrodiction,,,,Blind retrodiction for 836bb274-6a6f-5c29-a298-f3c476197b8a (career) with T−90d cutoff 2023-11-18. Top-k anchors matched: 0.,0.5,,0,clean,prior_only,v1.7,2026-08-13 01:17:18.851494+00,"{""status"": ""candidate"", ""discovery_id"": ""retro_836bb274-6a6f-5c29-a298-f3c476197b8a""}",f,mi_darshana_v1.0,2026-08-13 01:17:18.816256+00
482012f1-710e-4a25-994a-93821f5871aa,disc_retro_3e96c6da-3ad6-5329-a40b-0b9240a1cbdb-corr-co,retrodiction,,,,Blind retrodiction for 3e96c6da-3ad6-5329-a40b-0b9240a1cbdb-corr-congenital (psychological) with T−90d cutoff 1983-11-07. Top-k anchors matched: 0.,0.5,,0,clean,prior_only,v1.7,2026-08-13 01:17:18.851494+00,"{""status"": ""candidate"", ""discovery_id"": ""retro_3e96c6da-3ad6-5329-a40b-0b9240a1cbdb-corr-congenital""}",f,mi_darshana_v1.0,2026-08-13 01:17:18.816256+00
482012f1-710e-4a25-994a-93821f5871aa,disc_retro_acb209c7-8107-53e7-b6ea-b8596e0f07cb,retrodiction,,,,Blind retrodiction for acb209c7-8107-53e7-b6ea-b8596e0f07cb (spiritual) with T−90d cutoff 2025-04-02. Top-k anchors matched: 0.,0.5,,0,clean,prior_only,v1.7,2026-08-13 01:17:18.851494+00,"{""status"": ""candidate"", ""discovery_id"": ""retro_acb209c7-8107-53e7-b6ea-b8596e0f07cb""}",f,mi_darshana_v1.0,2026-08-13 01:17:18.816256+00
482012f1-710e-4a25-994a-93821f5871aa,disc_retro_4018cc05-6f8f-51c4-9ffc-3c1de800dc72,retrodiction,,,,Blind retrodiction for 4018cc05-6f8f-51c4-9ffc-3c1de800dc72 (finance) with T−90d cutoff 2025-04-16. Top-k anchors matched: 0.,0.5,,0,clean,prior_only,v1.7,2026-08-13 01:17:18.851494+00,"{""status"": ""candidate"", ""discovery_id"": ""retro_4018cc05-6f8f-51c4-9ffc-3c1de800dc72""}",f,mi_darshana_v1.0,2026-08-13 01:17:18.816256+00
482012f1-710e-4a25-994a-93821f5871aa,disc_retro_3ea3a2fc-3568-56a9-963b-57c7e7b4755c,retrodiction,,,,Blind retrodiction for 3ea3a2fc-3568-56a9-963b-57c7e7b4755c (spiritual) with T−90d cutoff 2025-08-17. Top-k anchors matched: 0.,0.5,,0,clean,prior_only,v1.7,2026-08-13 01:17:18.851494+00,"{""status"": ""candidate"", ""discovery_id"": ""retro_3ea3a2fc-3568-56a9-963b-57c7e7b4755c""}",f,mi_darshana_v1.0,2026-08-13 01:17:18.816256+00
482012f1-710e-4a25-994a-93821f5871aa,disc_retro_2bfb5b17-6901-5d15-ba80-5f0f1d5611f0,retrodiction,,,,Blind retrodiction for 2bfb5b17-6901-5d15-ba80-5f0f1d5611f0 (other) with T−90d cutoff 2025-10-17. Top-k anchors matched: 0.,0.5,,0,clean,prior_only,v1.7,2026-08-13 01:17:18.851494+00,"{""status"": ""candidate"", ""discovery_id"": ""retro_2bfb5b17-6901-5d15-ba80-5f0f1d5611f0""}",f,mi_darshana_v1.0,2026-08-13 01:17:18.816256+00
482012f1-710e-4a25-994a-93821f5871aa,disc_retro_5278d97c-e769-529a-b0c2-be1e965c2d6b,retrodiction,,,,Blind retrodiction for 5278d97c-e769-529a-b0c2-be1e965c2d6b (travel_event) with T−90d cutoff 2026-05-03. Top-k anchors matched: 0.,0.5,,0,clean,prior_only,v1.7,2026-08-13 01:17:18.851494+00,"{""status"": ""candidate"", ""discovery_id"": ""retro_5278d97c-e769-529a-b0c2-be1e965c2d6b""}",f,mi_darshana_v1.0,2026-08-13 01:17:18.816256+00
482012f1-710e-4a25-994a-93821f5871aa,disc_retro_275b0c18-a159-5560-95f7-2a6cfbec58c4,retrodiction,,,,Blind retrodiction for 275b0c18-a159-5560-95f7-2a6cfbec58c4 (spiritual) with T−90d cutoff 2025-03-17. Top-k anchors matched: 0.,0.5,,0,clean,prior_only,v1.7,2026-08-13 01:17:18.851494+00,"{""status"": ""candidate"", ""discovery_id"": ""retro_275b0c18-a159-5560-95f7-2a6cfbec58c4""}",f,mi_darshana_v1.0,2026-08-13 01:17:18.816256+00
482012f1-710e-4a25-994a-93821f5871aa,disc_retro_0d03e02a-e619-52b5-8a78-8f26e13ba125,retrodiction,,,,Blind retrodiction for 0d03e02a-e619-52b5-8a78-8f26e13ba125 (creative) with T−90d cutoff 1993-04-02. Top-k anchors matched: 0.,0.5,,0,clean,prior_only,v1.7,2026-08-13 01:17:18.851494+00,"{""status"": ""candidate"", ""discovery_id"": ""retro_0d03e02a-e619-52b5-8a78-8f26e13ba125""}",f,mi_darshana_v1.0,2026-08-13 01:17:18.816256+00
482012f1-710e-4a25-994a-93821f5871aa,disc_retro_64c475da-5248-5332-9127-9331fae79f23,retrodiction,,,,Blind retrodiction for 64c475da-5248-5332-9127-9331fae79f23 (health) with T−90d cutoff 1995-04-02. Top-k anchors matched: 0.,0.5,,0,clean,prior_only,v1.7,2026-08-13 01:17:18.851494+00,"{""status"": ""candidate"", ""discovery_id"": ""retro_64c475da-5248-5332-9127-9331fae79f23""}",f,mi_darshana_v1.0,2026-08-13 01:17:18.816256+00
482012f1-710e-4a25-994a-93821f5871aa,disc_retro_3e96c6da-3ad6-5329-a40b-0b9240a1cbdb,retrodiction,,,,Blind retrodiction for 3e96c6da-3ad6-5329-a40b-0b9240a1cbdb (psychological) with T−90d cutoff 1995-04-02. Top-k anchors matched: 0.,0.5,,0,clean,prior_only,v1.7,2026-08-13 01:17:18.851494+00,"{""status"": ""candidate"", ""discovery_id"": ""retro_3e96c6da-3ad6-5329-a40b-0b9240a1cbdb""}",f,mi_darshana_v1.0,2026-08-13 01:17:18.816256+00
482012f1-710e-4a25-994a-93821f5871aa,disc_retro_d5db1b9a-b8c5-5b90-9641-c9ae9b1c2035,retrodiction,,,,Blind retrodiction for d5db1b9a-b8c5-5b90-9641-c9ae9b1c2035 (spiritual) with T−90d cutoff 1998-04-02. Top-k anchors matched: 0.,0.5,,0,clean,prior_only,v1.7,2026-08-13 01:17:18.851494+00,"{""status"": ""candidate"", ""discovery_id"": ""retro_d5db1b9a-b8c5-5b90-9641-c9ae9b1c2035""}",f,mi_darshana_v1.0,2026-08-13 01:17:18.816256+00
482012f1-710e-4a25-994a-93821f5871aa,disc_retro_d5db1b9a-b8c5-5b90-9641-c9ae9b1c2035-corr-20,retrodiction,,,,Blind retrodiction for d5db1b9a-b8c5-5b90-9641-c9ae9b1c2035-corr-2001-initiation (spiritual) with T−90d cutoff 2000-10-03. Top-k anchors matched: 0.,0.5,,0,clean,prior_only,v1.7,2026-08-13 01:17:18.851494+00,"{""status"": ""candidate"", ""discovery_id"": ""retro_d5db1b9a-b8c5-5b90-9641-c9ae9b1c2035-corr-2001-initiation""}",f,mi_darshana_v1.0,2026-08-13 01:17:18.816256+00
482012f1-710e-4a25-994a-93821f5871aa,disc_retro_62f0460d-0cf1-5eab-bedc-47ecfcb04657,retrodiction,,,,Blind retrodiction for 62f0460d-0cf1-5eab-bedc-47ecfcb04657 (spiritual) with T−90d cutoff 2002-04-02. Top-k anchors matched: 0.,0.5,,0,clean,prior_only,v1.7,2026-08-13 01:17:18.851494+00,"{""status"": ""candidate"", ""discovery_id"": ""retro_62f0460d-0cf1-5eab-bedc-47ecfcb04657""}",f,mi_darshana_v1.0,2026-08-13 01:17:18.816256+00
482012f1-710e-4a25-994a-93821f5871aa,disc_retro_123eee97-8885-5d50-b0f1-94281f8f2d49,retrodiction,,,,Blind retrodiction for 123eee97-8885-5d50-b0f1-94281f8f2d49 (psychological) with T−90d cutoff 2002-04-02. Top-k anchors matched: 0.,0.5,,0,clean,prior_only,v1.7,2026-08-13 01:17:18.851494+00,"{""status"": ""candidate"", ""discovery_id"": ""retro_123eee97-8885-5d50-b0f1-94281f8f2d49""}",f,mi_darshana_v1.0,2026-08-13 01:17:18.816256+00
482012f1-710e-4a25-994a-93821f5871aa,disc_retro_4a1b1dc0-df38-56d8-a2c8-0383bb2acc7c,retrodiction,,,,Blind retrodiction for 4a1b1dc0-df38-56d8-a2c8-0383bb2acc7c (education) with T−90d cutoff 2003-03-17. Top-k anchors matched: 0.,0.5,,0,clean,prior_only,v1.7,2026-08-13 01:17:18.851494+00,"{""status"": ""candidate"", ""discovery_id"": ""retro_4a1b1dc0-df38-56d8-a2c8-0383bb2acc7c""}",f,mi_darshana_v1.0,2026-08-13 01:17:18.816256+00
482012f1-710e-4a25-994a-93821f5871aa,disc_retro_cd68bc5c-c5fc-5914-bd95-e18ba639a5dc,retrodiction,,,,Blind retrodiction for cd68bc5c-c5fc-5914-bd95-e18ba639a5dc (education) with T−90d cutoff 2004-03-03. Top-k anchors matched: 0.,0.5,,0,clean,prior_only,v1.7,2026-08-13 01:17:18.851494+00,"{""status"": ""candidate"", ""discovery_id"": ""retro_cd68bc5c-c5fc-5914-bd95-e18ba639a5dc""}",f,mi_darshana_v1.0,2026-08-13 01:17:18.816256+00
482012f1-710e-4a25-994a-93821f5871aa,disc_retro_fd04fecc-21f7-5dfd-b68b-f1a6f1cd6bfa,retrodiction,,,,Blind retrodiction for fd04fecc-21f7-5dfd-b68b-f1a6f1cd6bfa (career) with T−90d cutoff 2007-03-12. Top-k anchors matched: 0.,0.5,,0,clean,prior_only,v1.7,2026-08-13 01:17:18.851494+00,"{""status"": ""candidate"", ""discovery_id"": ""retro_fd04fecc-21f7-5dfd-b68b-f1a6f1cd6bfa""}",f,mi_darshana_v1.0,2026-08-13 01:17:18.816256+00
482012f1-710e-4a25-994a-93821f5871aa,"cal_domain_all_[0.6,0.7)_0",calibrated_outlook,,,,"In predictions scored [0.6, 0.7), the observed outcome rate is 28.6% across 7 events (evidence: empirical).",0.285714285714286,"[0.19,0.39)",7,clean,empirical,v1.7,,"{""brier"": 0.296380158571429, ""stratum"": ""domain_all|[0.6,0.7)""}",f,mi_darshana_v1.0,2026-08-13 01:17:18.816256+00
482012f1-710e-4a25-994a-93821f5871aa,"cal_domain_all_[0.4,0.5)_1",calibrated_outlook,,,,"In predictions scored [0.4, 0.5), the observed outcome rate is 0.0% across 12 events (evidence: empirical).",0,"[0.0,0.1)",12,clean,empirical,v1.7,,"{""brier"": 0.216367505, ""stratum"": ""domain_all|[0.4,0.5)""}",f,mi_darshana_v1.0,2026-08-13 01:17:18.816256+00
482012f1-710e-4a25-994a-93821f5871aa,"cal_domain_all_[0.5,0.6)_2",calibrated_outlook,,,,"In predictions scored [0.5, 0.6), the observed outcome rate is 0.0% across 18 events (evidence: empirical).",0,"[0.0,0.1)",18,clean,empirical,v1.7,,"{""brier"": 0.315015568333333, ""stratum"": ""domain_all|[0.5,0.6)""}",f,mi_darshana_v1.0,2026-08-13 01:17:18.816256+00
482012f1-710e-4a25-994a-93821f5871aa,"cal_domain_all_[0.8,0.9)_3",calibrated_outlook,,,,"In predictions scored [0.8, 0.9), the observed outcome rate is 0.0% across 3 events (evidence: prior_only).",0,"[0.0,0.1)",3,clean,prior_only,v1.7,,"{""brier"": 0.691967166666667, ""stratum"": ""domain_all|[0.8,0.9)""}",f,mi_darshana_v1.0,2026-08-13 01:17:18.816256+00
482012f1-710e-4a25-994a-93821f5871aa,"cal_domain_all_[0.3,0.4)_4",calibrated_outlook,,,,"In predictions scored [0.3, 0.4), the observed outcome rate is 0.0% across 13 events (evidence: empirical).",0,"[0.0,0.1)",13,clean,empirical,v1.7,,"{""brier"": 0.119753640769231, ""stratum"": ""domain_all|[0.3,0.4)""}",f,mi_darshana_v1.0,2026-08-13 01:17:18.816256+00
482012f1-710e-4a25-994a-93821f5871aa,"cal_domain_all_[0.2,0.3)_5",calibrated_outlook,,,,"In predictions scored [0.2, 0.3), the observed outcome rate is 0.0% across 4 events (evidence: prior_only).",0,"[0.0,0.1)",4,clean,prior_only,v1.7,,"{""brier"": 0.0852937825, ""stratum"": ""domain_all|[0.2,0.3)""}",f,mi_darshana_v1.0,2026-08-13 01:17:18.816256+00
482012f1-710e-4a25-994a-93821f5871aa,gram_transition_ch_transition_verbal_0,manifestation_grammar,transition,,,"For transition events, the 'ch_transition_verbal' channel fires with 0% propensity (n=55, empirical learning).",0,,55,clean,empirical,v1.7,2026-08-13 01:17:18.851494+00,"{""domain"": ""transition"", ""channel"": ""ch_transition_verbal"", ""propensity"": 0.0}",f,mi_darshana_v1.0,2026-08-13 01:17:18.816256+00
482012f1-710e-4a25-994a-93821f5871aa,gram_relationship_ch_relationship_verb_1,manifestation_grammar,relationship,,,"For relationship events, the 'ch_relationship_verbal' channel fires with 0% propensity (n=49, empirical learning).",0,,49,clean,empirical,v1.7,2026-08-13 01:17:18.851494+00,"{""domain"": ""relationship"", ""channel"": ""ch_relationship_verbal"", ""propensity"": 0.0}",f,mi_darshana_v1.0,2026-08-13 01:17:18.816256+00
482012f1-710e-4a25-994a-93821f5871aa,gram_career_ch_career_verbal_2,manifestation_grammar,career,,,"For career events, the 'ch_career_verbal' channel fires with 0% propensity (n=37, empirical learning).",0,,37,clean,empirical,v1.7,2026-08-13 01:17:18.851494+00,"{""domain"": ""career"", ""channel"": ""ch_career_verbal"", ""propensity"": 0.0}",f,mi_darshana_v1.0,2026-08-13 01:17:18.816256+00
482012f1-710e-4a25-994a-93821f5871aa,gram_wealth_ch_wealth_verbal_3,manifestation_grammar,wealth,,,"For wealth events, the 'ch_wealth_verbal' channel fires with 0% propensity (n=26, empirical learning).",0,,26,clean,empirical,v1.7,2026-08-13 01:17:18.851494+00,"{""domain"": ""wealth"", ""channel"": ""ch_wealth_verbal"", ""propensity"": 0.0}",f,mi_darshana_v1.0,2026-08-13 01:17:18.816256+00
482012f1-710e-4a25-994a-93821f5871aa,gram_spirituality_ch_spirituality_verb_4,manifestation_grammar,spirituality,,,"For spirituality events, the 'ch_spirituality_verbal' channel fires with 0% propensity (n=6, empirical learning).",0,,6,clean,empirical,v1.7,2026-08-13 01:17:18.851494+00,"{""domain"": ""spirituality"", ""channel"": ""ch_spirituality_verbal"", ""propensity"": 0.0}",f,mi_darshana_v1.0,2026-08-13 01:17:18.816256+00
482012f1-710e-4a25-994a-93821f5871aa,gram_health_ch_health_verbal_5,manifestation_grammar,health,,,"For health events, the 'ch_health_verbal' channel fires with 0% propensity (n=5, empirical learning).",0,,5,clean,empirical,v1.7,2026-08-13 01:17:18.851494+00,"{""domain"": ""health"", ""channel"": ""ch_health_verbal"", ""propensity"": 0.0}",f,mi_darshana_v1.0,2026-08-13 01:17:18.816256+00
482012f1-710e-4a25-994a-93821f5871aa,gram_character_ch_character_verbal_6,manifestation_grammar,character,,,"For character events, the 'ch_character_verbal' channel fires with 0% propensity (n=5, empirical learning).",0,,5,clean,empirical,v1.7,2026-08-13 01:17:18.851494+00,"{""domain"": ""character"", ""channel"": ""ch_character_verbal"", ""propensity"": 0.0}",f,mi_darshana_v1.0,2026-08-13 01:17:18.816256+00
482012f1-710e-4a25-994a-93821f5871aa,disc_retro_1f9c6775-30c2-5f92-b1a5-24512f5681a6,retrodiction,,,,Blind retrodiction for 1f9c6775-30c2-5f92-b1a5-24512f5681a6 (relationship) with T−90d cutoff 2026-01-17. Top-k anchors matched: 3.,0.95,,3,clean,prior_only,v1.7,2026-08-13 01:17:18.851494+00,"{""status"": ""candidate"", ""discovery_id"": ""retro_1f9c6775-30c2-5f92-b1a5-24512f5681a6""}",f,mi_darshana_v1.0,2026-08-13 01:17:18.816256+00
482012f1-710e-4a25-994a-93821f5871aa,disc_retro_021e49f5-9c6a-5e0e-ad6c-84c8ea2ad83f,retrodiction,,,,Blind retrodiction for 021e49f5-9c6a-5e0e-ad6c-84c8ea2ad83f (relationship) with T−90d cutoff 2022-07-17. Top-k anchors matched: 3.,0.95,,3,clean,prior_only,v1.7,2026-08-13 01:17:18.851494+00,"{""status"": ""candidate"", ""discovery_id"": ""retro_021e49f5-9c6a-5e0e-ad6c-84c8ea2ad83f""}",f,mi_darshana_v1.0,2026-08-13 01:17:18.816256+00
482012f1-710e-4a25-994a-93821f5871aa,disc_retro_71af4f61-3efc-557b-949a-d855845a5ca5,retrodiction,,,,Blind retrodiction for 71af4f61-3efc-557b-949a-d855845a5ca5 (education) with T−90d cutoff 2007-03-17. Top-k anchors matched: 0.,0.5,,0,clean,prior_only,v1.7,2026-08-13 01:17:18.851494+00,"{""status"": ""candidate"", ""discovery_id"": ""retro_71af4f61-3efc-557b-949a-d855845a5ca5""}",f,mi_darshana_v1.0,2026-08-13 01:17:18.816256+00
482012f1-710e-4a25-994a-93821f5871aa,disc_retro_021e49f5-9c6a-5e0e-ad6c-84c8ea2ad83f-corr-20,retrodiction,,,,Blind retrodiction for 021e49f5-9c6a-5e0e-ad6c-84c8ea2ad83f-corr-2022-07-14 (relationship) with T−90d cutoff 2022-04-15. Top-k anchors matched: 3.,0.95,,3,clean,prior_only,v1.7,2026-08-13 01:17:18.851494+00,"{""status"": ""candidate"", ""discovery_id"": ""retro_021e49f5-9c6a-5e0e-ad6c-84c8ea2ad83f-corr-2022-07-14""}",f,mi_darshana_v1.0,2026-08-13 01:17:18.816256+00
482012f1-710e-4a25-994a-93821f5871aa,disc_retro_86cbb042-8c3b-54e0-bf79-8f51b5850c13,retrodiction,,,,Blind retrodiction for 86cbb042-8c3b-54e0-bf79-8f51b5850c13 (relationship) with T−90d cutoff 2022-04-02. Top-k anchors matched: 3.,0.95,,3,clean,prior_only,v1.7,2026-08-13 01:17:18.851494+00,"{""status"": ""candidate"", ""discovery_id"": ""retro_86cbb042-8c3b-54e0-bf79-8f51b5850c13""}",f,mi_darshana_v1.0,2026-08-13 01:17:18.816256+00
482012f1-710e-4a25-994a-93821f5871aa,disc_disc_2f9e0ce3-ce9a-4087-b_timing,emergent_law,,,,"Signal '2f9e0ce3-ce9a-4087-b725-bb1949728c37' shows consistent timing-dimension credit (mean=0.37, n=9). Candidate emergent calibration law.",0.3734,"[0.22,0.52)",9,clean,empirical,v1.7,2026-08-13 01:17:18.851494+00,"{""status"": ""candidate"", ""discovery_id"": ""disc_2f9e0ce3-ce9a-4087-b_timing""}",f,mi_darshana_v1.0,2026-08-13 01:17:18.816256+00
482012f1-710e-4a25-994a-93821f5871aa,disc_disc_bde5423d-ac30-4ecd-a_timing,emergent_law,,,,"Signal 'bde5423d-ac30-4ecd-ab7b-1dbec4232742' shows consistent timing-dimension credit (mean=0.37, n=9). Candidate emergent calibration law.",0.3734,"[0.22,0.52)",9,clean,empirical,v1.7,2026-08-13 01:17:18.851494+00,"{""status"": ""candidate"", ""discovery_id"": ""disc_bde5423d-ac30-4ecd-a_timing""}",f,mi_darshana_v1.0,2026-08-13 01:17:18.816256+00
482012f1-710e-4a25-994a-93821f5871aa,disc_disc_483e332a-a168-4cf1-b_falsifier,emergent_law,,,,"Signal '483e332a-a168-4cf1-b93b-0ad55d77d91c' shows consistent falsifier-dimension credit (mean=0.32, n=41). Candidate emergent calibration law.",0.3242,"[0.17,0.47)",41,clean,empirical,v1.7,2026-08-13 01:17:18.851494+00,"{""status"": ""candidate"", ""discovery_id"": ""disc_483e332a-a168-4cf1-b_falsifier""}",f,mi_darshana_v1.0,2026-08-13 01:17:18.816256+00
482012f1-710e-4a25-994a-93821f5871aa,disc_disc_ebb1c88a-8141-4c7e-8_falsifier,emergent_law,,,,"Signal 'ebb1c88a-8141-4c7e-860b-54ac293a06ac' shows consistent falsifier-dimension credit (mean=0.32, n=41). Candidate emergent calibration law.",0.3242,"[0.17,0.47)",41,clean,empirical,v1.7,2026-08-13 01:17:18.851494+00,"{""status"": ""candidate"", ""discovery_id"": ""disc_ebb1c88a-8141-4c7e-8_falsifier""}",f,mi_darshana_v1.0,2026-08-13 01:17:18.816256+00
482012f1-710e-4a25-994a-93821f5871aa,disc_disc_c31d3e74-2f44-41a6-8_falsifier,emergent_law,,,,"Signal 'c31d3e74-2f44-41a6-8025-b32e44dbe1e2' shows consistent falsifier-dimension credit (mean=0.32, n=41). Candidate emergent calibration law.",0.3242,"[0.17,0.47)",41,clean,empirical,v1.7,2026-08-13 01:17:18.851494+00,"{""status"": ""candidate"", ""discovery_id"": ""disc_c31d3e74-2f44-41a6-8_falsifier""}",f,mi_darshana_v1.0,2026-08-13 01:17:18.816256+00
482012f1-710e-4a25-994a-93821f5871aa,disc_disc_2dff20cd-12f5-492e-a_falsifier,emergent_law,,,,"Signal '2dff20cd-12f5-492e-a88e-3fef42547eca' shows consistent falsifier-dimension credit (mean=0.32, n=41). Candidate emergent calibration law.",0.3242,"[0.17,0.47)",41,clean,empirical,v1.7,2026-08-13 01:17:18.851494+00,"{""status"": ""candidate"", ""discovery_id"": ""disc_2dff20cd-12f5-492e-a_falsifier""}",f,mi_darshana_v1.0,2026-08-13 01:17:18.816256+00
482012f1-710e-4a25-994a-93821f5871aa,disc_disc_d49da2e1-4b63-45f1-9_falsifier,emergent_law,,,,"Signal 'd49da2e1-4b63-45f1-920e-c274df3ded21' shows consistent falsifier-dimension credit (mean=0.32, n=41). Candidate emergent calibration law.",0.3242,"[0.17,0.47)",41,clean,empirical,v1.7,2026-08-13 01:17:18.851494+00,"{""status"": ""candidate"", ""discovery_id"": ""disc_d49da2e1-4b63-45f1-9_falsifier""}",f,mi_darshana_v1.0,2026-08-13 01:17:18.816256+00
482012f1-710e-4a25-994a-93821f5871aa,disc_disc_bde5423d-ac30-4ecd-a_falsifier,emergent_law,,,,"Signal 'bde5423d-ac30-4ecd-ab7b-1dbec4232742' shows consistent falsifier-dimension credit (mean=0.32, n=9). Candidate emergent calibration law.",0.3242,"[0.17,0.47)",9,clean,empirical,v1.7,2026-08-13 01:17:18.851494+00,"{""status"": ""candidate"", ""discovery_id"": ""disc_bde5423d-ac30-4ecd-a_falsifier""}",f,mi_darshana_v1.0,2026-08-13 01:17:18.816256+00
482012f1-710e-4a25-994a-93821f5871aa,disc_disc_483e332a-a168-4cf1-b_timing,emergent_law,,,,"Signal '483e332a-a168-4cf1-b93b-0ad55d77d91c' shows consistent timing-dimension credit (mean=0.31, n=41). Candidate emergent calibration law.",0.3081,"[0.16,0.46)",41,clean,empirical,v1.7,2026-08-13 01:17:18.851494+00,"{""status"": ""candidate"", ""discovery_id"": ""disc_483e332a-a168-4cf1-b_timing""}",f,mi_darshana_v1.0,2026-08-13 01:17:18.816256+00
482012f1-710e-4a25-994a-93821f5871aa,disc_disc_c31d3e74-2f44-41a6-8_timing,emergent_law,,,,"Signal 'c31d3e74-2f44-41a6-8025-b32e44dbe1e2' shows consistent timing-dimension credit (mean=0.31, n=41). Candidate emergent calibration law.",0.3081,"[0.16,0.46)",41,clean,empirical,v1.7,2026-08-13 01:17:18.851494+00,"{""status"": ""candidate"", ""discovery_id"": ""disc_c31d3e74-2f44-41a6-8_timing""}",f,mi_darshana_v1.0,2026-08-13 01:17:18.816256+00
482012f1-710e-4a25-994a-93821f5871aa,disc_disc_2dff20cd-12f5-492e-a_timing,emergent_law,,,,"Signal '2dff20cd-12f5-492e-a88e-3fef42547eca' shows consistent timing-dimension credit (mean=0.31, n=41). Candidate emergent calibration law.",0.3081,"[0.16,0.46)",41,clean,empirical,v1.7,2026-08-13 01:17:18.851494+00,"{""status"": ""candidate"", ""discovery_id"": ""disc_2dff20cd-12f5-492e-a_timing""}",f,mi_darshana_v1.0,2026-08-13 01:17:18.816256+00
482012f1-710e-4a25-994a-93821f5871aa,disc_disc_d49da2e1-4b63-45f1-9_timing,emergent_law,,,,"Signal 'd49da2e1-4b63-45f1-920e-c274df3ded21' shows consistent timing-dimension credit (mean=0.31, n=41). Candidate emergent calibration law.",0.3081,"[0.16,0.46)",41,clean,empirical,v1.7,2026-08-13 01:17:18.851494+00,"{""status"": ""candidate"", ""discovery_id"": ""disc_d49da2e1-4b63-45f1-9_timing""}",f,mi_darshana_v1.0,2026-08-13 01:17:18.816256+00
482012f1-710e-4a25-994a-93821f5871aa,disc_disc_ebb1c88a-8141-4c7e-8_timing,emergent_law,,,,"Signal 'ebb1c88a-8141-4c7e-860b-54ac293a06ac' shows consistent timing-dimension credit (mean=0.31, n=41). Candidate emergent calibration law.",0.3081,"[0.16,0.46)",41,clean,empirical,v1.7,2026-08-13 01:17:18.851494+00,"{""status"": ""candidate"", ""discovery_id"": ""disc_ebb1c88a-8141-4c7e-8_timing""}",f,mi_darshana_v1.0,2026-08-13 01:17:18.816256+00
482012f1-710e-4a25-994a-93821f5871aa,disc_retro_4e09e1e1-7925-5675-9af8-74e8eea6fe67,retrodiction,,,,Blind retrodiction for 4e09e1e1-7925-5675-9af8-74e8eea6fe67 (health) with T−90d cutoff 2007-03-17. Top-k anchors matched: 0.,0.5,,0,clean,prior_only,v1.7,2026-08-13 01:17:18.851494+00,"{""status"": ""candidate"", ""discovery_id"": ""retro_4e09e1e1-7925-5675-9af8-74e8eea6fe67""}",f,mi_darshana_v1.0,2026-08-13 01:17:18.816256+00
482012f1-710e-4a25-994a-93821f5871aa,disc_retro_aed78f94-87ca-5347-a1d0-7f277a99b6c4,retrodiction,,,,Blind retrodiction for aed78f94-87ca-5347-a1d0-7f277a99b6c4 (career) with T−90d cutoff 2008-03-11. Top-k anchors matched: 0.,0.5,,0,clean,prior_only,v1.7,2026-08-13 01:17:18.851494+00,"{""status"": ""candidate"", ""discovery_id"": ""retro_aed78f94-87ca-5347-a1d0-7f277a99b6c4""}",f,mi_darshana_v1.0,2026-08-13 01:17:18.816256+00
482012f1-710e-4a25-994a-93821f5871aa,disc_retro_1dc207bc-a85e-5383-b39d-39be4629a582,retrodiction,,,,Blind retrodiction for 1dc207bc-a85e-5383-b39d-39be4629a582 (loss) with T−90d cutoff 2009-03-17. Top-k anchors matched: 0.,0.5,,0,clean,prior_only,v1.7,2026-08-13 01:17:18.851494+00,"{""status"": ""candidate"", ""discovery_id"": ""retro_1dc207bc-a85e-5383-b39d-39be4629a582""}",f,mi_darshana_v1.0,2026-08-13 01:17:18.816256+00
482012f1-710e-4a25-994a-93821f5871aa,disc_retro_bd7f5711-8668-5315-8e25-94dc94f2a101,retrodiction,,,,Blind retrodiction for bd7f5711-8668-5315-8e25-94dc94f2a101 (finance) with T−90d cutoff 2010-04-02. Top-k anchors matched: 0.,0.5,,0,clean,prior_only,v1.7,2026-08-13 01:17:18.851494+00,"{""status"": ""candidate"", ""discovery_id"": ""retro_bd7f5711-8668-5315-8e25-94dc94f2a101""}",f,mi_darshana_v1.0,2026-08-13 01:17:18.816256+00
482012f1-710e-4a25-994a-93821f5871aa,disc_retro_132b61e0-3409-53fd-bb1a-80b4b6bdcc67,retrodiction,,,,Blind retrodiction for 132b61e0-3409-53fd-bb1a-80b4b6bdcc67 (spiritual) with T−90d cutoff 2010-04-02. Top-k anchors matched: 0.,0.5,,0,clean,prior_only,v1.7,2026-08-13 01:17:18.851494+00,"{""status"": ""candidate"", ""discovery_id"": ""retro_132b61e0-3409-53fd-bb1a-80b4b6bdcc67""}",f,mi_darshana_v1.0,2026-08-13 01:17:18.816256+00
482012f1-710e-4a25-994a-93821f5871aa,disc_retro_a1ef10c2-c52d-536e-9fd5-51342d58721e,retrodiction,,,,Blind retrodiction for a1ef10c2-c52d-536e-9fd5-51342d58721e (travel) with T−90d cutoff 2010-09-16. Top-k anchors matched: 0.,0.5,,0,clean,prior_only,v1.7,2026-08-13 01:17:18.851494+00,"{""status"": ""candidate"", ""discovery_id"": ""retro_a1ef10c2-c52d-536e-9fd5-51342d58721e""}",f,mi_darshana_v1.0,2026-08-13 01:17:18.816256+00
482012f1-710e-4a25-994a-93821f5871aa,disc_retro_4e96f4b9-fe3b-5b40-bdb3-c60e3024abfa,retrodiction,,,,Blind retrodiction for 4e96f4b9-fe3b-5b40-bdb3-c60e3024abfa (education) with T−90d cutoff 2010-10-17. Top-k anchors matched: 0.,0.5,,0,clean,prior_only,v1.7,2026-08-13 01:17:18.851494+00,"{""status"": ""candidate"", ""discovery_id"": ""retro_4e96f4b9-fe3b-5b40-bdb3-c60e3024abfa""}",f,mi_darshana_v1.0,2026-08-13 01:17:18.816256+00
482012f1-710e-4a25-994a-93821f5871aa,disc_retro_95138517-2d23-51a6-b13b-71801e806a11,retrodiction,,,,Blind retrodiction for 95138517-2d23-51a6-b13b-71801e806a11 (education) with T−90d cutoff 2011-03-17. Top-k anchors matched: 0.,0.5,,0,clean,prior_only,v1.7,2026-08-13 01:17:18.851494+00,"{""status"": ""candidate"", ""discovery_id"": ""retro_95138517-2d23-51a6-b13b-71801e806a11""}",f,mi_darshana_v1.0,2026-08-13 01:17:18.816256+00
482012f1-710e-4a25-994a-93821f5871aa,disc_retro_852d1420-e733-582b-a2ae-f7de33b8d38e,retrodiction,,,,Blind retrodiction for 852d1420-e733-582b-a2ae-f7de33b8d38e (creative) with T−90d cutoff 2012-06-17. Top-k anchors matched: 0.,0.5,,0,clean,prior_only,v1.7,2026-08-13 01:17:18.851494+00,"{""status"": ""candidate"", ""discovery_id"": ""retro_852d1420-e733-582b-a2ae-f7de33b8d38e""}",f,mi_darshana_v1.0,2026-08-13 01:17:18.816256+00
482012f1-710e-4a25-994a-93821f5871aa,disc_retro_c143ce2a-f1e1-5092-9c04-f659fa0de5e1,retrodiction,,,,Blind retrodiction for c143ce2a-f1e1-5092-9c04-f659fa0de5e1 (education) with T−90d cutoff 2012-12-15. Top-k anchors matched: 0.,0.5,,0,clean,prior_only,v1.7,2026-08-13 01:17:18.851494+00,"{""status"": ""candidate"", ""discovery_id"": ""retro_c143ce2a-f1e1-5092-9c04-f659fa0de5e1""}",f,mi_darshana_v1.0,2026-08-13 01:17:18.816256+00
482012f1-710e-4a25-994a-93821f5871aa,disc_retro_6f5ee9cb-8b35-5da9-a601-30430e8ad7d9,retrodiction,,,,Blind retrodiction for 6f5ee9cb-8b35-5da9-a601-30430e8ad7d9 (career) with T−90d cutoff 2013-02-14. Top-k anchors matched: 0.,0.5,,0,clean,prior_only,v1.7,2026-08-13 01:17:18.851494+00,"{""status"": ""candidate"", ""discovery_id"": ""retro_6f5ee9cb-8b35-5da9-a601-30430e8ad7d9""}",f,mi_darshana_v1.0,2026-08-13 01:17:18.816256+00
482012f1-710e-4a25-994a-93821f5871aa,disc_retro_72fad18c-ad30-5f46-9418-c2ed28c4d9ac,retrodiction,,,,Blind retrodiction for 72fad18c-ad30-5f46-9418-c2ed28c4d9ac (family) with T−90d cutoff 2013-04-02. Top-k anchors matched: 0.,0.5,,0,clean,prior_only,v1.7,2026-08-13 01:17:18.851494+00,"{""status"": ""candidate"", ""discovery_id"": ""retro_72fad18c-ad30-5f46-9418-c2ed28c4d9ac""}",f,mi_darshana_v1.0,2026-08-13 01:17:18.816256+00
482012f1-710e-4a25-994a-93821f5871aa,disc_retro_56a1222d-8c88-5445-b2a2-1fd89d470719,retrodiction,,,,Blind retrodiction for 56a1222d-8c88-5445-b2a2-1fd89d470719 (spiritual) with T−90d cutoff 2015-04-02. Top-k anchors matched: 0.,0.5,,0,clean,prior_only,v1.7,2026-08-13 01:17:18.851494+00,"{""status"": ""candidate"", ""discovery_id"": ""retro_56a1222d-8c88-5445-b2a2-1fd89d470719""}",f,mi_darshana_v1.0,2026-08-13 01:17:18.816256+00
482012f1-710e-4a25-994a-93821f5871aa,disc_retro_b5ea6a4d-6e0a-5ed3-875c-e241d3cb50a5,retrodiction,,,,Blind retrodiction for b5ea6a4d-6e0a-5ed3-875c-e241d3cb50a5 (career) with T−90d cutoff 2016-04-02. Top-k anchors matched: 0.,0.5,,0,clean,prior_only,v1.7,2026-08-13 01:17:18.851494+00,"{""status"": ""candidate"", ""discovery_id"": ""retro_b5ea6a4d-6e0a-5ed3-875c-e241d3cb50a5""}",f,mi_darshana_v1.0,2026-08-13 01:17:18.816256+00
482012f1-710e-4a25-994a-93821f5871aa,disc_retro_e3b2f1d5-5609-5dca-af84-d9fac54cd3cd,retrodiction,,,,Blind retrodiction for e3b2f1d5-5609-5dca-af84-d9fac54cd3cd (career) with T−90d cutoff 2016-12-15. Top-k anchors matched: 0.,0.5,,0,clean,prior_only,v1.7,2026-08-13 01:17:18.851494+00,"{""status"": ""candidate"", ""discovery_id"": ""retro_e3b2f1d5-5609-5dca-af84-d9fac54cd3cd""}",f,mi_darshana_v1.0,2026-08-13 01:17:18.816256+00
482012f1-710e-4a25-994a-93821f5871aa,disc_retro_b75c63f4-ead1-5d6d-9811-011277347d57,retrodiction,,,,Blind retrodiction for b75c63f4-ead1-5d6d-9811-011277347d57 (loss) with T−90d cutoff 2018-08-30. Top-k anchors matched: 0.,0.5,,0,clean,prior_only,v1.7,2026-08-13 01:17:18.851494+00,"{""status"": ""candidate"", ""discovery_id"": ""retro_b75c63f4-ead1-5d6d-9811-011277347d57""}",f,mi_darshana_v1.0,2026-08-13 01:17:18.816256+00
482012f1-710e-4a25-994a-93821f5871aa,lb_concl_fam_yoga,load_bearing,,,,Signal 'fam_yoga' is load_bearing for conclusion 'concl_fam_yoga' (sensitivity=0.70). Removing this signal would materially alter the reading.,0.7,,1,clean,structural,v1.7,,"{""role"": ""load_bearing"", ""signal_id"": ""fam_yoga""}",f,mi_darshana_v1.0,2026-08-13 01:17:18.816256+00
482012f1-710e-4a25-994a-93821f5871aa,lb_concl_fam_msr_signal,load_bearing,,,,Signal 'fam_msr_signal' is supporting for conclusion 'concl_fam_msr_signal' (sensitivity=0.70). Removing this signal would materially alter the reading.,0.7,,1,clean,structural,v1.7,,"{""role"": ""supporting"", ""signal_id"": ""fam_msr_signal""}",f,mi_darshana_v1.0,2026-08-13 01:17:18.816256+00
482012f1-710e-4a25-994a-93821f5871aa,lb_concl_fam_convergence,load_bearing,,,,Signal 'fam_convergence' is supporting for conclusion 'concl_fam_convergence' (sensitivity=0.60). Removing this signal would materially alter the reading.,0.6,,1,clean,structural,v1.7,,"{""role"": ""supporting"", ""signal_id"": ""fam_convergence""}",f,mi_darshana_v1.0,2026-08-13 01:17:18.816256+00
482012f1-710e-4a25-994a-93821f5871aa,lb_concl_fam_dasha_period,load_bearing,,,,Signal 'fam_dasha_period' is redundant for conclusion 'concl_fam_dasha_period' (sensitivity=0.57). Removing this signal would materially alter the reading.,0.575,,1,clean,structural,v1.7,,"{""role"": ""redundant"", ""signal_id"": ""fam_dasha_period""}",f,mi_darshana_v1.0,2026-08-13 01:17:18.816256+00
482012f1-710e-4a25-994a-93821f5871aa,verdict_career_setback,verdict_object,career,,career_setback,"Career Setback: promised (grade 8.8/10). Strong evidence, corroborated across traditions.",0.88,"[0.68,0.98)",5,clean,structural,v1.7,,"{""grade"": 8.8, ""domain"": ""career"", ""contradictions"": [{""resolution"": null, ""signal_a_id"": ""17ef271e-b82b-46a5-bf55-65e090b93141"", ""signal_b_id"": ""36a6e81b-9e8c-478b-a24e-3535f7ee03fb"", ""tension_class"": ""domain_promise_vs_denial"", ""combined_salience"": 1.38805, ""verification_status"": ""documented_approximation""}], ""event_class_id"": ""career_setback"", ""ranked_evidence"": [{""slot"": ""house_lord"", ""tier"": ""exalted"", ""graha"": ""Saturn"", ""fact_ids"": [], ""salience"": 0.35, ""signal_id"": null, ""signal_type_id"": null, ""classical_sources"": []}, {""slot"": ""dusthana"", ""tier"": null, ""graha"": null, ""fact_ids"": [], ""salience"": 0.3, ""signal_id"": null, ""signal_type_id"": null, ""classical_sources"": []}, {""slot"": ""karaka"", ""tier"": ""exalted"", ""graha"": ""Saturn"", ""fact_ids"": [], ""salience"": 0.2, ""signal_id"": null, ""signal_type_id"": null, ""classical_sources"": []}, {""slot"": ""divisional"", ""tier"": ""enemy"", ""graha"": ""Saturn"", ""fact_ids"": [], ""salience"": 0.03, ""signal_id"": null, ""signal_type_id"": null, ""classical_sources"": []}, {""slot"": ""yoga"", ""tier"": null, ""graha"": null, ""fact_ids"": [], ""salience"": 0.0, ""signal_id"": null, ""signal_type_id"": null, ""classical_sources"": []}], ""activation_state"": ""promised"", ""event_class_name"": ""Career Setback"", ""ayanamsha_robustness"": 5, ""tradition_concordance"": {""kp"": {""signal_count"": 22, ""concordance_score"": 0.6038}, ""tajika"": {""signal_count"": 4, ""concordance_score"": 0.2933}, ""jaimini"": {""signal_count"": 216, ""concordance_score"": 1.8909}, ""parashari"": {""signal_count"": 2801, ""concordance_score"": 1.9992}}, ""canonical_ayanamsha_id"": ""lahiri_chitrapaksha""}",f,mi_darshana_v1.0,2026-08-13 01:17:18.816256+00
482012f1-710e-4a25-994a-93821f5871aa,verdict_career_entry,verdict_object,career,,career_entry,"Career Entry: promised (grade 7.9/10). Strong evidence, corroborated across traditions.",0.786,"[0.59,0.89)",5,clean,structural,v1.7,,"{""grade"": 7.86, ""domain"": ""career"", ""contradictions"": [{""resolution"": null, ""signal_a_id"": ""17ef271e-b82b-46a5-bf55-65e090b93141"", ""signal_b_id"": ""36a6e81b-9e8c-478b-a24e-3535f7ee03fb"", ""tension_class"": ""domain_promise_vs_denial"", ""combined_salience"": 1.38805, ""verification_status"": ""documented_approximation""}], ""event_class_id"": ""career_entry"", ""ranked_evidence"": [{""slot"": ""house_lord"", ""tier"": ""exalted"", ""graha"": ""Saturn"", ""fact_ids"": [], ""salience"": 0.5, ""signal_id"": null, ""signal_type_id"": null, ""classical_sources"": []}, {""slot"": ""karaka"", ""tier"": ""exalted"", ""graha"": ""Saturn"", ""fact_ids"": [], ""salience"": 0.14285714285714285, ""signal_id"": null, ""signal_type_id"": null, ""classical_sources"": []}, {""slot"": ""karaka"", ""tier"": ""neutral"", ""graha"": ""Sun"", ""fact_ids"": [], ""salience"": 0.07142857142857142, ""signal_id"": null, ""signal_type_id"": null, ""classical_sources"": []}, {""slot"": ""divisional"", ""tier"": ""neutral"", ""graha"": ""Sun"", ""fact_ids"": [], ""salience"": 0.07142857142857142, ""signal_id"": null, ""signal_type_id"": null, ""classical_sources"": []}, {""slot"": ""yoga"", ""tier"": null, ""graha"": null, ""fact_ids"": [], ""salience"": 0.0, ""signal_id"": null, ""signal_type_id"": null, ""classical_sources"": []}], ""activation_state"": ""promised"", ""event_class_name"": ""Career Entry"", ""ayanamsha_robustness"": 5, ""tradition_concordance"": {""kp"": {""signal_count"": 22, ""concordance_score"": 0.6038}, ""tajika"": {""signal_count"": 4, ""concordance_score"": 0.2933}, ""jaimini"": {""signal_count"": 216, ""concordance_score"": 1.8909}, ""parashari"": {""signal_count"": 2801, ""concordance_score"": 1.9992}}, ""canonical_ayanamsha_id"": ""lahiri_chitrapaksha""}",f,mi_darshana_v1.0,2026-08-13 01:17:18.816256+00
482012f1-710e-4a25-994a-93821f5871aa,verdict_career_change,verdict_object,career,,career_change,"Career Change: promised (grade 7.7/10). Strong evidence, corroborated across traditions.",0.774,"[0.57,0.87)",5,clean,structural,v1.7,,"{""grade"": 7.74, ""domain"": ""career"", ""contradictions"": [{""resolution"": null, ""signal_a_id"": ""17ef271e-b82b-46a5-bf55-65e090b93141"", ""signal_b_id"": ""36a6e81b-9e8c-478b-a24e-3535f7ee03fb"", ""tension_class"": ""domain_promise_vs_denial"", ""combined_salience"": 1.38805, ""verification_status"": ""documented_approximation""}], ""event_class_id"": ""career_change"", ""ranked_evidence"": [{""slot"": ""karaka"", ""tier"": ""exalted"", ""graha"": ""Rahu"", ""fact_ids"": [], ""salience"": 0.2857142857142857, ""signal_id"": null, ""signal_type_id"": null, ""classical_sources"": []}, {""slot"": ""house_lord"", ""tier"": ""exalted"", ""graha"": ""Saturn"", ""fact_ids"": [], ""salience"": 0.16666666666666666, ""signal_id"": null, ""signal_type_id"": null, ""classical_sources"": []}, {""slot"": ""house_lord"", ""tier"": ""moolatrikona"", ""graha"": ""Jupiter"", ""fact_ids"": [], ""salience"": 0.15, ""signal_id"": null, ""signal_type_id"": null, ""classical_sources"": []}, {""slot"": ""house_lord"", ""tier"": ""friend"", ""graha"": ""Mercury"", ""fact_ids"": [], ""salience"": 0.09999999999999999, ""signal_id"": null, ""signal_type_id"": null, ""classical_sources"": []}, {""slot"": ""divisional"", ""tier"": ""neutral"", ""graha"": ""Rahu"", ""fact_ids"": [], ""salience"": 0.07142857142857142, ""signal_id"": null, ""signal_type_id"": null, ""classical_sources"": []}], ""activation_state"": ""promised"", ""event_class_name"": ""Career Change"", ""ayanamsha_robustness"": 5, ""tradition_concordance"": {""kp"": {""signal_count"": 22, ""concordance_score"": 0.6038}, ""tajika"": {""signal_count"": 4, ""concordance_score"": 0.2933}, ""jaimini"": {""signal_count"": 216, ""concordance_score"": 1.8909}, ""parashari"": {""signal_count"": 2801, ""concordance_score"": 1.9992}}, ""canonical_ayanamsha_id"": ""lahiri_chitrapaksha""}",f,mi_darshana_v1.0,2026-08-13 01:17:18.816256+00
482012f1-710e-4a25-994a-93821f5871aa,verdict_career_advancement,verdict_object,career,,career_advancement,"Career Advancement: promised (grade 7.7/10). Strong evidence, corroborated across traditions.",0.771,"[0.57,0.87)",5,clean,structural,v1.7,,"{""grade"": 7.71, ""domain"": ""career"", ""contradictions"": [{""resolution"": null, ""signal_a_id"": ""17ef271e-b82b-46a5-bf55-65e090b93141"", ""signal_b_id"": ""36a6e81b-9e8c-478b-a24e-3535f7ee03fb"", ""tension_class"": ""domain_promise_vs_denial"", ""combined_salience"": 1.38805, ""verification_status"": ""documented_approximation""}], ""event_class_id"": ""career_advancement"", ""ranked_evidence"": [{""slot"": ""house_lord"", ""tier"": ""exalted"", ""graha"": ""Saturn"", ""fact_ids"": [], ""salience"": 0.25, ""signal_id"": null, ""signal_type_id"": null, ""classical_sources"": []}, {""slot"": ""house_lord"", ""tier"": ""exalted"", ""graha"": ""Saturn"", ""fact_ids"": [], ""salience"": 0.25, ""signal_id"": null, ""signal_type_id"": null, ""classical_sources"": []}, {""slot"": ""karaka"", ""tier"": ""moolatrikona"", ""graha"": ""Jupiter"", ""fact_ids"": [], ""salience"": 0.12857142857142856, ""signal_id"": null, ""signal_type_id"": null, ""classical_sources"": []}, {""slot"": ""karaka"", ""tier"": ""neutral"", ""graha"": ""Sun"", ""fact_ids"": [], ""salience"": 0.07142857142857142, ""signal_id"": null, ""signal_type_id"": null, ""classical_sources"": []}, {""slot"": ""divisional"", ""tier"": ""neutral"", ""graha"": ""Sun"", ""fact_ids"": [], ""salience"": 0.07142857142857142, ""signal_id"": null, ""signal_type_id"": null, ""classical_sources"": []}], ""activation_state"": ""promised"", ""event_class_name"": ""Career Advancement"", ""ayanamsha_robustness"": 5, ""tradition_concordance"": {""kp"": {""signal_count"": 22, ""concordance_score"": 0.6038}, ""tajika"": {""signal_count"": 4, ""concordance_score"": 0.2933}, ""jaimini"": {""signal_count"": 216, ""concordance_score"": 1.8909}, ""parashari"": {""signal_count"": 2801, ""concordance_score"": 1.9992}}, ""canonical_ayanamsha_id"": ""lahiri_chitrapaksha""}",f,mi_darshana_v1.0,2026-08-13 01:17:18.816256+00
482012f1-710e-4a25-994a-93821f5871aa,verdict_spiritual_turn,verdict_object,spirituality,,spiritual_turn,"Spiritual Turn: promised (grade 7.4/10). Strong evidence, corroborated across traditions.",0.74,"[0.54,0.84)",5,clean,structural,v1.7,,"{""grade"": 7.4, ""domain"": ""spirituality"", ""contradictions"": [], ""event_class_id"": ""spiritual_turn"", ""ranked_evidence"": [{""slot"": ""house_lord"", ""tier"": ""moolatrikona"", ""graha"": ""Jupiter"", ""fact_ids"": [], ""salience"": 0.15, ""signal_id"": null, ""signal_type_id"": null, ""classical_sources"": []}, {""slot"": ""house_lord"", ""tier"": ""moolatrikona"", ""graha"": ""Jupiter"", ""fact_ids"": [], ""salience"": 0.15, ""signal_id"": null, ""signal_type_id"": null, ""classical_sources"": []}, {""slot"": ""karaka"", ""tier"": ""exalted"", ""graha"": ""Ketu"", ""fact_ids"": [], ""salience"": 0.14285714285714285, ""signal_id"": null, ""signal_type_id"": null, ""classical_sources"": []}, {""slot"": ""karaka"", ""tier"": ""moolatrikona"", ""graha"": ""Jupiter"", ""fact_ids"": [], ""salience"": 0.12857142857142856, ""signal_id"": null, ""signal_type_id"": null, ""classical_sources"": []}, {""slot"": ""divisional"", ""tier"": ""friend"", ""graha"": ""Jupiter"", ""fact_ids"": [], ""salience"": 0.0857142857142857, ""signal_id"": null, ""signal_type_id"": null, ""classical_sources"": []}], ""activation_state"": ""promised"", ""event_class_name"": ""Spiritual Turn"", ""ayanamsha_robustness"": 5, ""tradition_concordance"": {""kp"": {""signal_count"": 194, ""concordance_score"": 1.3538}, ""tajika"": {""signal_count"": 62, ""concordance_score"": 0.5233}, ""jaimini"": {""signal_count"": 60, ""concordance_score"": 0.8491}, ""parashari"": {""signal_count"": 820, ""concordance_score"": 2.1611}}, ""canonical_ayanamsha_id"": ""lahiri_chitrapaksha""}",f,mi_darshana_v1.0,2026-08-13 01:17:18.816256+00
482012f1-710e-4a25-994a-93821f5871aa,verdict_foreign_settlement,verdict_object,travel,,foreign_settlement,"Foreign Settlement: promised (grade 7.4/10). Strong evidence, corroborated across traditions.",0.74,"[0.54,0.84)",5,clean,structural,v1.7,,"{""grade"": 7.4, ""domain"": ""travel"", ""contradictions"": [], ""event_class_id"": ""foreign_settlement"", ""ranked_evidence"": [{""slot"": ""karaka"", ""tier"": ""exalted"", ""graha"": ""Rahu"", ""fact_ids"": [], ""salience"": 0.2857142857142857, ""signal_id"": null, ""signal_type_id"": null, ""classical_sources"": []}, {""slot"": ""house_lord"", ""tier"": ""moolatrikona"", ""graha"": ""Jupiter"", ""fact_ids"": [], ""salience"": 0.15, ""signal_id"": null, ""signal_type_id"": null, ""classical_sources"": []}, {""slot"": ""house_lord"", ""tier"": ""moolatrikona"", ""graha"": ""Jupiter"", ""fact_ids"": [], ""salience"": 0.15, ""signal_id"": null, ""signal_type_id"": null, ""classical_sources"": []}, {""slot"": ""house_lord"", ""tier"": ""neutral"", ""graha"": ""Venus"", ""fact_ids"": [], ""salience"": 0.08333333333333333, ""signal_id"": null, ""signal_type_id"": null, ""classical_sources"": []}, {""slot"": ""divisional"", ""tier"": ""neutral"", ""graha"": ""Rahu"", ""fact_ids"": [], ""salience"": 0.07142857142857142, ""signal_id"": null, ""signal_type_id"": null, ""classical_sources"": []}], ""activation_state"": ""promised"", ""event_class_name"": ""Foreign Settlement"", ""ayanamsha_robustness"": 5, ""tradition_concordance"": {""kp"": {""signal_count"": 8, ""concordance_score"": 0.5555}, ""jaimini"": {""signal_count"": 24, ""concordance_score"": 1.2257}, ""parashari"": {""signal_count"": 108, ""concordance_score"": 0.414}}, ""canonical_ayanamsha_id"": ""lahiri_chitrapaksha""}",f,mi_darshana_v1.0,2026-08-13 01:17:18.816256+00
482012f1-710e-4a25-994a-93821f5871aa,verdict_business_launch,verdict_object,career,,business_launch,"Business Launch: promised (grade 7.3/10). Strong evidence, corroborated across traditions.",0.731,"[0.53,0.83)",5,clean,structural,v1.7,,"{""grade"": 7.31, ""domain"": ""career"", ""contradictions"": [{""resolution"": null, ""signal_a_id"": ""17ef271e-b82b-46a5-bf55-65e090b93141"", ""signal_b_id"": ""36a6e81b-9e8c-478b-a24e-3535f7ee03fb"", ""tension_class"": ""domain_promise_vs_denial"", ""combined_salience"": 1.38805, ""verification_status"": ""documented_approximation""}], ""event_class_id"": ""business_launch"", ""ranked_evidence"": [{""slot"": ""house_lord"", ""tier"": ""exalted"", ""graha"": ""Saturn"", ""fact_ids"": [], ""salience"": 0.16666666666666666, ""signal_id"": null, ""signal_type_id"": null, ""classical_sources"": []}, {""slot"": ""house_lord"", ""tier"": ""exalted"", ""graha"": ""Saturn"", ""fact_ids"": [], ""salience"": 0.16666666666666666, ""signal_id"": null, ""signal_type_id"": null, ""classical_sources"": []}, {""slot"": ""karaka"", ""tier"": ""moolatrikona"", ""graha"": ""Jupiter"", ""fact_ids"": [], ""salience"": 0.12857142857142856, ""signal_id"": null, ""signal_type_id"": null, ""classical_sources"": []}, {""slot"": ""divisional"", ""tier"": ""great_friend"", ""graha"": ""Mercury"", ""fact_ids"": [], ""salience"": 0.09999999999999999, ""signal_id"": null, ""signal_type_id"": null, ""classical_sources"": []}, {""slot"": ""karaka"", ""tier"": ""friend"", ""graha"": ""Mercury"", ""fact_ids"": [], ""salience"": 0.0857142857142857, ""signal_id"": null, ""signal_type_id"": null, ""classical_sources"": []}], ""activation_state"": ""promised"", ""event_class_name"": ""Business Launch"", ""ayanamsha_robustness"": 5, ""tradition_concordance"": {""kp"": {""signal_count"": 22, ""concordance_score"": 0.6038}, ""tajika"": {""signal_count"": 4, ""concordance_score"": 0.2933}, ""jaimini"": {""signal_count"": 216, ""concordance_score"": 1.8909}, ""parashari"": {""signal_count"": 2801, ""concordance_score"": 1.9992}}, ""canonical_ayanamsha_id"": ""lahiri_chitrapaksha""}",f,mi_darshana_v1.0,2026-08-13 01:17:18.816256+00
482012f1-710e-4a25-994a-93821f5871aa,verdict_financial_deception,verdict_object,wealth,,financial_deception,"Financial Deception / Fraud Loss: promised (grade 7.2/10). Strong evidence, corroborated across traditions.",0.725,"[0.52,0.82)",5,clean,structural,v1.7,,"{""grade"": 7.25, ""domain"": ""wealth"", ""contradictions"": [], ""event_class_id"": ""financial_deception"", ""ranked_evidence"": [{""slot"": ""dusthana"", ""tier"": null, ""graha"": null, ""fact_ids"": [], ""salience"": 0.3, ""signal_id"": null, ""signal_type_id"": null, ""classical_sources"": []}, {""slot"": ""house_lord"", ""tier"": ""neutral"", ""graha"": ""Venus"", ""fact_ids"": [], ""salience"": 0.175, ""signal_id"": null, ""signal_type_id"": null, ""classical_sources"": []}, {""slot"": ""karaka"", ""tier"": ""exalted"", ""graha"": ""Rahu"", ""fact_ids"": [], ""salience"": 0.1, ""signal_id"": null, ""signal_type_id"": null, ""classical_sources"": []}, {""slot"": ""karaka"", ""tier"": ""exalted"", ""graha"": ""Saturn"", ""fact_ids"": [], ""salience"": 0.1, ""signal_id"": null, ""signal_type_id"": null, ""classical_sources"": []}, {""slot"": ""divisional"", ""tier"": ""neutral"", ""graha"": ""Rahu"", ""fact_ids"": [], ""salience"": 0.05, ""signal_id"": null, ""signal_type_id"": null, ""classical_sources"": []}], ""activation_state"": ""promised"", ""event_class_name"": ""Financial Deception / Fraud Loss"", ""ayanamsha_robustness"": 5, ""tradition_concordance"": {""kp"": {""signal_count"": 11, ""concordance_score"": 0.6038}, ""jaimini"": {""signal_count"": 27, ""concordance_score"": 1.2257}, ""parashari"": {""signal_count"": 290, ""concordance_score"": 1.7289}}, ""canonical_ayanamsha_id"": ""lahiri_chitrapaksha""}",f,mi_darshana_v1.0,2026-08-13 01:17:18.816256+00
482012f1-710e-4a25-994a-93821f5871aa,verdict_bereavement,verdict_object,transition,,bereavement,"Bereavement: promised (grade 7.2/10). Strong evidence, corroborated across traditions.",0.719,"[0.52,0.82)",5,clean,structural,v1.7,,"{""grade"": 7.19, ""domain"": ""transition"", ""contradictions"": [], ""event_class_id"": ""bereavement"", ""ranked_evidence"": [{""slot"": ""house_lord"", ""tier"": ""moolatrikona"", ""graha"": ""Jupiter"", ""fact_ids"": [], ""salience"": 0.15, ""signal_id"": null, ""signal_type_id"": null, ""classical_sources"": []}, {""slot"": ""karaka"", ""tier"": ""exalted"", ""graha"": ""Saturn"", ""fact_ids"": [], ""salience"": 0.14285714285714285, ""signal_id"": null, ""signal_type_id"": null, ""classical_sources"": []}, {""slot"": ""karaka"", ""tier"": ""exalted"", ""graha"": ""Ketu"", ""fact_ids"": [], ""salience"": 0.14285714285714285, ""signal_id"": null, ""signal_type_id"": null, ""classical_sources"": []}, {""slot"": ""house_lord"", ""tier"": ""friend"", ""graha"": ""Mars"", ""fact_ids"": [], ""salience"": 0.09999999999999999, ""signal_id"": null, ""signal_type_id"": null, ""classical_sources"": []}, {""slot"": ""divisional"", ""tier"": ""great_friend"", ""graha"": ""Saturn"", ""fact_ids"": [], ""salience"": 0.09999999999999999, ""signal_id"": null, ""signal_type_id"": null, ""classical_sources"": []}], ""activation_state"": ""promised"", ""event_class_name"": ""Bereavement"", ""ayanamsha_robustness"": 5, ""tradition_concordance"": {""kp"": {""signal_count"": 7, ""concordance_score"": 0.5072}, ""parashari"": {""signal_count"": 604, ""concordance_score"": 0.6038}}, ""canonical_ayanamsha_id"": ""lahiri_chitrapaksha""}",f,mi_darshana_v1.0,2026-08-13 01:17:18.816256+00
482012f1-710e-4a25-994a-93821f5871aa,verdict_major_loss,verdict_object,wealth,,major_loss,"Major Financial Loss: promised (grade 7.0/10). Strong evidence, corroborated across traditions.",0.695,"[0.5,0.8)",5,clean,structural,v1.7,,"{""grade"": 6.95, ""domain"": ""wealth"", ""contradictions"": [], ""event_class_id"": ""major_loss"", ""ranked_evidence"": [{""slot"": ""dusthana"", ""tier"": null, ""graha"": null, ""fact_ids"": [], ""salience"": 0.3, ""signal_id"": null, ""signal_type_id"": null, ""classical_sources"": []}, {""slot"": ""karaka"", ""tier"": ""exalted"", ""graha"": ""Saturn"", ""fact_ids"": [], ""salience"": 0.2, ""signal_id"": null, ""signal_type_id"": null, ""classical_sources"": []}, {""slot"": ""house_lord"", ""tier"": ""neutral"", ""graha"": ""Venus"", ""fact_ids"": [], ""salience"": 0.175, ""signal_id"": null, ""signal_type_id"": null, ""classical_sources"": []}, {""slot"": ""divisional"", ""tier"": ""great_enemy"", ""graha"": ""Saturn"", ""fact_ids"": [], ""salience"": 0.020000000000000004, ""signal_id"": null, ""signal_type_id"": null, ""classical_sources"": []}, {""slot"": ""yoga"", ""tier"": null, ""graha"": null, ""fact_ids"": [], ""salience"": 0.0, ""signal_id"": null, ""signal_type_id"": null, ""classical_sources"": []}], ""activation_state"": ""promised"", ""event_class_name"": ""Major Financial Loss"", ""ayanamsha_robustness"": 5, ""tradition_concordance"": {""kp"": {""signal_count"": 11, ""concordance_score"": 0.6038}, ""jaimini"": {""signal_count"": 27, ""concordance_score"": 1.2257}, ""parashari"": {""signal_count"": 290, ""concordance_score"": 1.7289}}, ""canonical_ayanamsha_id"": ""lahiri_chitrapaksha""}",f,mi_darshana_v1.0,2026-08-13 01:17:18.816256+00
482012f1-710e-4a25-994a-93821f5871aa,verdict_major_gain,verdict_object,wealth,,major_gain,"Major Financial Gain: promised (grade 6.9/10). Strong evidence, corroborated across traditions.",0.689,"[0.49,0.79)",5,clean,structural,v1.7,,"{""grade"": 6.89, ""domain"": ""wealth"", ""contradictions"": [], ""event_class_id"": ""major_gain"", ""ranked_evidence"": [{""slot"": ""house_lord"", ""tier"": ""exalted"", ""graha"": ""Saturn"", ""fact_ids"": [], ""salience"": 0.25, ""signal_id"": null, ""signal_type_id"": null, ""classical_sources"": []}, {""slot"": ""karaka"", ""tier"": ""moolatrikona"", ""graha"": ""Jupiter"", ""fact_ids"": [], ""salience"": 0.12857142857142856, ""signal_id"": null, ""signal_type_id"": null, ""classical_sources"": []}, {""slot"": ""house_lord"", ""tier"": ""neutral"", ""graha"": ""Venus"", ""fact_ids"": [], ""salience"": 0.125, ""signal_id"": null, ""signal_type_id"": null, ""classical_sources"": []}, {""slot"": ""divisional"", ""tier"": ""great_friend"", ""graha"": ""Jupiter"", ""fact_ids"": [], ""salience"": 0.09999999999999999, ""signal_id"": null, ""signal_type_id"": null, ""classical_sources"": []}, {""slot"": ""karaka"", ""tier"": ""friend"", ""graha"": ""Mercury"", ""fact_ids"": [], ""salience"": 0.0857142857142857, ""signal_id"": null, ""signal_type_id"": null, ""classical_sources"": []}], ""activation_state"": ""promised"", ""event_class_name"": ""Major Financial Gain"", ""ayanamsha_robustness"": 5, ""tradition_concordance"": {""kp"": {""signal_count"": 11, ""concordance_score"": 0.6038}, ""jaimini"": {""signal_count"": 27, ""concordance_score"": 1.2257}, ""parashari"": {""signal_count"": 290, ""concordance_score"": 1.7289}}, ""canonical_ayanamsha_id"": ""lahiri_chitrapaksha""}",f,mi_darshana_v1.0,2026-08-13 01:17:18.816256+00
482012f1-710e-4a25-994a-93821f5871aa,verdict_achievement_recognition,verdict_object,general,,achievement_recognition,Achievement / Recognition: promised (grade 6.7/10). Strong evidence (single-tradition basis; no cross-tradition concordance data).,0.674,"[0.47,0.77)",5,clean,structural,v1.7,,"{""grade"": 6.74, ""domain"": ""general"", ""contradictions"": [], ""event_class_id"": ""achievement_recognition"", ""ranked_evidence"": [{""slot"": ""house_lord"", ""tier"": ""exalted"", ""graha"": ""Saturn"", ""fact_ids"": [], ""salience"": 0.16666666666666666, ""signal_id"": null, ""signal_type_id"": null, ""classical_sources"": []}, {""slot"": ""house_lord"", ""tier"": ""exalted"", ""graha"": ""Saturn"", ""fact_ids"": [], ""salience"": 0.16666666666666666, ""signal_id"": null, ""signal_type_id"": null, ""classical_sources"": []}, {""slot"": ""divisional"", ""tier"": ""great_friend"", ""graha"": ""Mercury"", ""fact_ids"": [], ""salience"": 0.09999999999999999, ""signal_id"": null, ""signal_type_id"": null, ""classical_sources"": []}, {""slot"": ""karaka"", ""tier"": ""friend"", ""graha"": ""Mercury"", ""fact_ids"": [], ""salience"": 0.0857142857142857, ""signal_id"": null, ""signal_type_id"": null, ""classical_sources"": []}, {""slot"": ""house_lord"", ""tier"": ""neutral"", ""graha"": ""Sun"", ""fact_ids"": [], ""salience"": 0.08333333333333333, ""signal_id"": null, ""signal_type_id"": null, ""classical_sources"": []}], ""activation_state"": ""promised"", ""event_class_name"": ""Achievement / Recognition"", ""ayanamsha_robustness"": 5, ""tradition_concordance"": {}, ""canonical_ayanamsha_id"": ""lahiri_chitrapaksha""}",f,mi_darshana_v1.0,2026-08-13 01:17:18.816256+00
482012f1-710e-4a25-994a-93821f5871aa,verdict_psychological_arc,verdict_object,character,,psychological_arc,"Psychological / Speech-Pattern Arc: promised (grade 6.2/10). Strong evidence, corroborated across traditions.",0.617,"[0.42,0.72)",5,clean,structural,v1.7,,"{""grade"": 6.17, ""domain"": ""character"", ""contradictions"": [{""resolution"": null, ""signal_a_id"": ""9574ebce-d971-4bf7-9b50-e50cdef46a7e"", ""signal_b_id"": ""36a6e81b-9e8c-478b-a24e-3535f7ee03fb"", ""tension_class"": ""domain_promise_vs_denial"", ""combined_salience"": 1.38805, ""verification_status"": ""documented_approximation""}], ""event_class_id"": ""psychological_arc"", ""ranked_evidence"": [{""slot"": ""house_lord"", ""tier"": ""moolatrikona"", ""graha"": ""Jupiter"", ""fact_ids"": [], ""salience"": 0.15, ""signal_id"": null, ""signal_type_id"": null, ""classical_sources"": []}, {""slot"": ""house_lord"", ""tier"": ""friend"", ""graha"": ""Mars"", ""fact_ids"": [], ""salience"": 0.09999999999999999, ""signal_id"": null, ""signal_type_id"": null, ""classical_sources"": []}, {""slot"": ""house_lord"", ""tier"": ""friend"", ""graha"": ""Mercury"", ""fact_ids"": [], ""salience"": 0.09999999999999999, ""signal_id"": null, ""signal_type_id"": null, ""classical_sources"": []}, {""slot"": ""karaka"", ""tier"": ""exalted"", ""graha"": ""Saturn"", ""fact_ids"": [], ""salience"": 0.09523809523809523, ""signal_id"": null, ""signal_type_id"": null, ""classical_sources"": []}, {""slot"": ""divisional"", ""tier"": ""friend"", ""graha"": ""Mercury"", ""fact_ids"": [], ""salience"": 0.0857142857142857, ""signal_id"": null, ""signal_type_id"": null, ""classical_sources"": []}], ""activation_state"": ""promised"", ""event_class_name"": ""Psychological / Speech-Pattern Arc"", ""ayanamsha_robustness"": 5, ""tradition_concordance"": {""kp"": {""signal_count"": 202, ""concordance_score"": 1.3538}, ""tajika"": {""signal_count"": 66, ""concordance_score"": 0.5233}, ""jaimini"": {""signal_count"": 1179, ""concordance_score"": 1.6402}, ""parashari"": {""signal_count"": 5852, ""concordance_score"": 2.1611}}, ""canonical_ayanamsha_id"": ""lahiri_chitrapaksha""}",f,mi_darshana_v1.0,2026-08-13 01:17:18.816256+00
482012f1-710e-4a25-994a-93821f5871aa,verdict_childbirth,verdict_object,progeny,,childbirth,"Childbirth: conditional (grade 5.9/10). Conditional — context-dependent, per cross-tradition concordance.",0.593,"[0.44,0.74)",4,clean,structural,v1.7,,"{""grade"": 5.93, ""domain"": ""progeny"", ""contradictions"": [], ""event_class_id"": ""childbirth"", ""ranked_evidence"": [{""slot"": ""karaka"", ""tier"": ""moolatrikona"", ""graha"": ""Jupiter"", ""fact_ids"": [], ""salience"": 0.2571428571428571, ""signal_id"": null, ""signal_type_id"": null, ""classical_sources"": []}, {""slot"": ""house_lord"", ""tier"": ""neutral"", ""graha"": ""Sun"", ""fact_ids"": [], ""salience"": 0.25, ""signal_id"": null, ""signal_type_id"": null, ""classical_sources"": []}, {""slot"": ""divisional"", ""tier"": ""friend"", ""graha"": ""Jupiter"", ""fact_ids"": [], ""salience"": 0.0857142857142857, ""signal_id"": null, ""signal_type_id"": null, ""classical_sources"": []}, {""slot"": ""yoga"", ""tier"": null, ""graha"": null, ""fact_ids"": [], ""salience"": 0.0, ""signal_id"": null, ""signal_type_id"": null, ""classical_sources"": []}], ""activation_state"": ""conditional"", ""event_class_name"": ""Childbirth"", ""ayanamsha_robustness"": 5, ""tradition_concordance"": {""kp"": {""signal_count"": 6, ""concordance_score"": 0.5072}, ""jaimini"": {""signal_count"": 68, ""concordance_score"": 1.8909}, ""parashari"": {""signal_count"": 151, ""concordance_score"": 0.6843}}, ""canonical_ayanamsha_id"": ""lahiri_chitrapaksha""}",f,mi_darshana_v1.0,2026-08-13 01:17:18.816256+00
482012f1-710e-4a25-994a-93821f5871aa,verdict_chronic_onset,verdict_object,health,,chronic_onset,"Chronic Illness Onset: conditional (grade 5.9/10). Conditional — context-dependent, per cross-tradition concordance.",0.586,"[0.44,0.74)",5,clean,structural,v1.7,,"{""grade"": 5.86, ""domain"": ""health"", ""contradictions"": [{""resolution"": null, ""signal_a_id"": ""17ef271e-b82b-46a5-bf55-65e090b93141"", ""signal_b_id"": ""de5797fa-a4f8-40a0-92ca-410071180f1e"", ""tension_class"": ""domain_promise_vs_denial"", ""combined_salience"": 1.246312, ""verification_status"": ""documented_approximation""}], ""event_class_id"": ""chronic_onset"", ""ranked_evidence"": [{""slot"": ""karaka"", ""tier"": ""exalted"", ""graha"": ""Saturn"", ""fact_ids"": [], ""salience"": 0.2857142857142857, ""signal_id"": null, ""signal_type_id"": null, ""classical_sources"": []}, {""slot"": ""house_lord"", ""tier"": ""friend"", ""graha"": ""Mercury"", ""fact_ids"": [], ""salience"": 0.15, ""signal_id"": null, ""signal_type_id"": null, ""classical_sources"": []}, {""slot"": ""house_lord"", ""tier"": ""friend"", ""graha"": ""Mars"", ""fact_ids"": [], ""salience"": 0.15, ""signal_id"": null, ""signal_type_id"": null, ""classical_sources"": []}, {""slot"": ""divisional"", ""tier"": null, ""graha"": ""Saturn"", ""fact_ids"": [], ""salience"": 0.0, ""signal_id"": null, ""signal_type_id"": null, ""classical_sources"": []}, {""slot"": ""yoga"", ""tier"": null, ""graha"": null, ""fact_ids"": [], ""salience"": 0.0, ""signal_id"": null, ""signal_type_id"": null, ""classical_sources"": []}], ""activation_state"": ""conditional"", ""event_class_name"": ""Chronic Illness Onset"", ""ayanamsha_robustness"": 5, ""tradition_concordance"": {""kp"": {""signal_count"": 19, ""concordance_score"": 0.6038}, ""parashari"": {""signal_count"": 728, ""concordance_score"": 0.7874}}, ""canonical_ayanamsha_id"": ""lahiri_chitrapaksha""}",f,mi_darshana_v1.0,2026-08-13 01:17:18.816256+00
482012f1-710e-4a25-994a-93821f5871aa,verdict_education_milestone,verdict_object,education,,education_milestone,"Education Milestone: conditional (grade 5.8/10). Conditional — context-dependent, per cross-tradition concordance.",0.583,"[0.43,0.73)",5,clean,structural,v1.7,,"{""grade"": 5.83, ""domain"": ""education"", ""contradictions"": [], ""event_class_id"": ""education_milestone"", ""ranked_evidence"": [{""slot"": ""house_lord"", ""tier"": ""moolatrikona"", ""graha"": ""Jupiter"", ""fact_ids"": [], ""salience"": 0.15, ""signal_id"": null, ""signal_type_id"": null, ""classical_sources"": []}, {""slot"": ""karaka"", ""tier"": ""moolatrikona"", ""graha"": ""Jupiter"", ""fact_ids"": [], ""salience"": 0.12857142857142856, ""signal_id"": null, ""signal_type_id"": null, ""classical_sources"": []}, {""slot"": ""karaka"", ""tier"": ""friend"", ""graha"": ""Mercury"", ""fact_ids"": [], ""salience"": 0.0857142857142857, ""signal_id"": null, ""signal_type_id"": null, ""classical_sources"": []}, {""slot"": ""divisional"", ""tier"": ""friend"", ""graha"": ""Mercury"", ""fact_ids"": [], ""salience"": 0.0857142857142857, ""signal_id"": null, ""signal_type_id"": null, ""classical_sources"": []}, {""slot"": ""house_lord"", ""tier"": ""neutral"", ""graha"": ""Sun"", ""fact_ids"": [], ""salience"": 0.08333333333333333, ""signal_id"": null, ""signal_type_id"": null, ""classical_sources"": []}], ""activation_state"": ""conditional"", ""event_class_name"": ""Education Milestone"", ""ayanamsha_robustness"": 5, ""tradition_concordance"": {""kp"": {""signal_count"": 17, ""concordance_score"": 0.6038}, ""jaimini"": {""signal_count"": 3, ""concordance_score"": 0.615}, ""parashari"": {""signal_count"": 151, ""concordance_score"": 0.6843}}, ""canonical_ayanamsha_id"": ""lahiri_chitrapaksha""}",f,mi_darshana_v1.0,2026-08-13 01:17:18.816256+00
482012f1-710e-4a25-994a-93821f5871aa,verdict_separation,verdict_object,relationship,,separation,"Separation: conditional (grade 5.8/10). Conditional — context-dependent, per cross-tradition concordance.",0.575,"[0.42,0.72)",5,clean,structural,v1.7,,"{""grade"": 5.75, ""domain"": ""relationship"", ""contradictions"": [], ""event_class_id"": ""separation"", ""ranked_evidence"": [{""slot"": ""dusthana"", ""tier"": null, ""graha"": null, ""fact_ids"": [], ""salience"": 0.19999999999999998, ""signal_id"": null, ""signal_type_id"": null, ""classical_sources"": []}, {""slot"": ""house_lord"", ""tier"": ""neutral"", ""graha"": ""Venus"", ""fact_ids"": [], ""salience"": 0.175, ""signal_id"": null, ""signal_type_id"": null, ""classical_sources"": []}, {""slot"": ""karaka"", ""tier"": ""exalted"", ""graha"": ""Saturn"", ""fact_ids"": [], ""salience"": 0.1, ""signal_id"": null, ""signal_type_id"": null, ""classical_sources"": []}, {""slot"": ""karaka"", ""tier"": ""exalted"", ""graha"": ""Ketu"", ""fact_ids"": [], ""salience"": 0.1, ""signal_id"": null, ""signal_type_id"": null, ""classical_sources"": []}, {""slot"": ""divisional"", ""tier"": ""debilitated"", ""graha"": ""Saturn"", ""fact_ids"": [], ""salience"": 0.0, ""signal_id"": null, ""signal_type_id"": null, ""classical_sources"": []}], ""activation_state"": ""conditional"", ""event_class_name"": ""Separation"", ""ayanamsha_robustness"": 5, ""tradition_concordance"": {""kp"": {""signal_count"": 179, ""concordance_score"": 1.3538}, ""tajika"": {""signal_count"": 62, ""concordance_score"": 0.5233}, ""jaimini"": {""signal_count"": 121, ""concordance_score"": 1.8909}, ""parashari"": {""signal_count"": 3234, ""concordance_score"": 2.1611}}, ""canonical_ayanamsha_id"": ""lahiri_chitrapaksha""}",f,mi_darshana_v1.0,2026-08-13 01:17:18.816256+00
482012f1-710e-4a25-994a-93821f5871aa,verdict_travel_event,verdict_object,travel,,travel_event,"Discrete Travel Event: conditional (grade 5.3/10). Conditional — context-dependent, per cross-tradition concordance.",0.529,"[0.38,0.68)",5,clean,structural,v1.7,,"{""grade"": 5.29, ""domain"": ""travel"", ""contradictions"": [], ""event_class_id"": ""travel_event"", ""ranked_evidence"": [{""slot"": ""house_lord"", ""tier"": ""moolatrikona"", ""graha"": ""Jupiter"", ""fact_ids"": [], ""salience"": 0.15, ""signal_id"": null, ""signal_type_id"": null, ""classical_sources"": []}, {""slot"": ""house_lord"", ""tier"": ""moolatrikona"", ""graha"": ""Jupiter"", ""fact_ids"": [], ""salience"": 0.15, ""signal_id"": null, ""signal_type_id"": null, ""classical_sources"": []}, {""slot"": ""house_lord"", ""tier"": ""friend"", ""graha"": ""Mercury"", ""fact_ids"": [], ""salience"": 0.09999999999999999, ""signal_id"": null, ""signal_type_id"": null, ""classical_sources"": []}, {""slot"": ""karaka"", ""tier"": ""enemy"", ""graha"": ""Moon"", ""fact_ids"": [], ""salience"": 0.0857142857142857, ""signal_id"": null, ""signal_type_id"": null, ""classical_sources"": []}, {""slot"": ""divisional"", ""tier"": ""enemy"", ""graha"": ""Moon"", ""fact_ids"": [], ""salience"": 0.04285714285714285, ""signal_id"": null, ""signal_type_id"": null, ""classical_sources"": []}], ""activation_state"": ""conditional"", ""event_class_name"": ""Discrete Travel Event"", ""ayanamsha_robustness"": 5, ""tradition_concordance"": {""kp"": {""signal_count"": 8, ""concordance_score"": 0.5555}, ""jaimini"": {""signal_count"": 24, ""concordance_score"": 1.2257}, ""parashari"": {""signal_count"": 108, ""concordance_score"": 0.414}}, ""canonical_ayanamsha_id"": ""lahiri_chitrapaksha""}",f,mi_darshana_v1.0,2026-08-13 01:17:18.816256+00
482012f1-710e-4a25-994a-93821f5871aa,verdict_birth_anchor,verdict_object,transition,,birth_anchor,"Birth (Subject's Own, Chart Epoch): conditional (grade 5.1/10). Conditional — context-dependent, per cross-tradition concordance.",0.514,"[0.36,0.66)",4,clean,structural,v1.7,,"{""grade"": 5.14, ""domain"": ""transition"", ""contradictions"": [], ""event_class_id"": ""birth_anchor"", ""ranked_evidence"": [{""slot"": ""house_lord"", ""tier"": ""friend"", ""graha"": ""Mars"", ""fact_ids"": [], ""salience"": 0.3, ""signal_id"": null, ""signal_type_id"": null, ""classical_sources"": []}, {""slot"": ""karaka"", ""tier"": ""neutral"", ""graha"": ""Sun"", ""fact_ids"": [], ""salience"": 0.14285714285714285, ""signal_id"": null, ""signal_type_id"": null, ""classical_sources"": []}, {""slot"": ""divisional"", ""tier"": ""neutral"", ""graha"": ""Sun"", ""fact_ids"": [], ""salience"": 0.07142857142857142, ""signal_id"": null, ""signal_type_id"": null, ""classical_sources"": []}, {""slot"": ""yoga"", ""tier"": null, ""graha"": null, ""fact_ids"": [], ""salience"": 0.0, ""signal_id"": null, ""signal_type_id"": null, ""classical_sources"": []}], ""activation_state"": ""conditional"", ""event_class_name"": ""Birth (Subject's Own, Chart Epoch)"", ""ayanamsha_robustness"": 5, ""tradition_concordance"": {""kp"": {""signal_count"": 7, ""concordance_score"": 0.5072}, ""parashari"": {""signal_count"": 604, ""concordance_score"": 0.6038}}, ""canonical_ayanamsha_id"": ""lahiri_chitrapaksha""}",f,mi_darshana_v1.0,2026-08-13 01:17:18.816256+00
482012f1-710e-4a25-994a-93821f5871aa,verdict_exam_outcome,verdict_object,education,,exam_outcome,"Exam Outcome: conditional (grade 5.0/10). Conditional — context-dependent, per cross-tradition concordance.",0.5,"[0.35,0.65)",5,clean,structural,v1.7,,"{""grade"": 5.0, ""domain"": ""education"", ""contradictions"": [], ""event_class_id"": ""exam_outcome"", ""ranked_evidence"": [{""slot"": ""karaka"", ""tier"": ""moolatrikona"", ""graha"": ""Jupiter"", ""fact_ids"": [], ""salience"": 0.12857142857142856, ""signal_id"": null, ""signal_type_id"": null, ""classical_sources"": []}, {""slot"": ""house_lord"", ""tier"": ""neutral"", ""graha"": ""Sun"", ""fact_ids"": [], ""salience"": 0.125, ""signal_id"": null, ""signal_type_id"": null, ""classical_sources"": []}, {""slot"": ""karaka"", ""tier"": ""friend"", ""graha"": ""Mercury"", ""fact_ids"": [], ""salience"": 0.0857142857142857, ""signal_id"": null, ""signal_type_id"": null, ""classical_sources"": []}, {""slot"": ""divisional"", ""tier"": ""friend"", ""graha"": ""Mercury"", ""fact_ids"": [], ""salience"": 0.0857142857142857, ""signal_id"": null, ""signal_type_id"": null, ""classical_sources"": []}, {""slot"": ""house_lord"", ""tier"": ""enemy"", ""graha"": ""Moon"", ""fact_ids"": [], ""salience"": 0.075, ""signal_id"": null, ""signal_type_id"": null, ""classical_sources"": []}], ""activation_state"": ""conditional"", ""event_class_name"": ""Exam Outcome"", ""ayanamsha_robustness"": 5, ""tradition_concordance"": {""kp"": {""signal_count"": 17, ""concordance_score"": 0.6038}, ""jaimini"": {""signal_count"": 3, ""concordance_score"": 0.615}, ""parashari"": {""signal_count"": 151, ""concordance_score"": 0.6843}}, ""canonical_ayanamsha_id"": ""lahiri_chitrapaksha""}",f,mi_darshana_v1.0,2026-08-13 01:17:18.816256+00
482012f1-710e-4a25-994a-93821f5871aa,verdict_parental_event,verdict_object,family,,parental_event,"Parental Event: conditional (grade 5.0/10). Conditional — context-dependent, per cross-tradition concordance.",0.5,"[0.35,0.65)",5,clean,structural,v1.7,,"{""grade"": 5.0, ""domain"": ""family"", ""contradictions"": [], ""event_class_id"": ""parental_event"", ""ranked_evidence"": [{""slot"": ""house_lord"", ""tier"": ""moolatrikona"", ""graha"": ""Jupiter"", ""fact_ids"": [], ""salience"": 0.225, ""signal_id"": null, ""signal_type_id"": null, ""classical_sources"": []}, {""slot"": ""divisional"", ""tier"": ""friend"", ""graha"": ""Moon"", ""fact_ids"": [], ""salience"": 0.0857142857142857, ""signal_id"": null, ""signal_type_id"": null, ""classical_sources"": []}, {""slot"": ""house_lord"", ""tier"": ""enemy"", ""graha"": ""Moon"", ""fact_ids"": [], ""salience"": 0.075, ""signal_id"": null, ""signal_type_id"": null, ""classical_sources"": []}, {""slot"": ""karaka"", ""tier"": ""neutral"", ""graha"": ""Sun"", ""fact_ids"": [], ""salience"": 0.07142857142857142, ""signal_id"": null, ""signal_type_id"": null, ""classical_sources"": []}, {""slot"": ""karaka"", ""tier"": ""enemy"", ""graha"": ""Moon"", ""fact_ids"": [], ""salience"": 0.04285714285714285, ""signal_id"": null, ""signal_type_id"": null, ""classical_sources"": []}], ""activation_state"": ""conditional"", ""event_class_name"": ""Parental Event"", ""ayanamsha_robustness"": 5, ""tradition_concordance"": {""kp"": {""signal_count"": 12, ""concordance_score"": 0.6038}, ""tajika"": {""signal_count"": 4, ""concordance_score"": 0.2933}, ""jaimini"": {""signal_count"": 1148, ""concordance_score"": 1.6272}, ""parashari"": {""signal_count"": 4520, ""concordance_score"": 1.8369}}, ""canonical_ayanamsha_id"": ""lahiri_chitrapaksha""}",f,mi_darshana_v1.0,2026-08-13 01:17:18.816256+00
482012f1-710e-4a25-994a-93821f5871aa,verdict_relocation,verdict_object,residence,,relocation,"Relocation: conditional (grade 4.9/10). Conditional — context-dependent, per cross-tradition concordance.",0.486,"[0.34,0.64)",5,clean,structural,v1.7,,"{""grade"": 4.86, ""domain"": ""residence"", ""contradictions"": [], ""event_class_id"": ""relocation"", ""ranked_evidence"": [{""slot"": ""house_lord"", ""tier"": ""moolatrikona"", ""graha"": ""Jupiter"", ""fact_ids"": [], ""salience"": 0.225, ""signal_id"": null, ""signal_type_id"": null, ""classical_sources"": []}, {""slot"": ""karaka"", ""tier"": ""exalted"", ""graha"": ""Rahu"", ""fact_ids"": [], ""salience"": 0.14285714285714285, ""signal_id"": null, ""signal_type_id"": null, ""classical_sources"": []}, {""slot"": ""house_lord"", ""tier"": ""enemy"", ""graha"": ""Moon"", ""fact_ids"": [], ""salience"": 0.075, ""signal_id"": null, ""signal_type_id"": null, ""classical_sources"": []}, {""slot"": ""karaka"", ""tier"": ""enemy"", ""graha"": ""Moon"", ""fact_ids"": [], ""salience"": 0.04285714285714285, ""signal_id"": null, ""signal_type_id"": null, ""classical_sources"": []}, {""slot"": ""divisional"", ""tier"": ""debilitated"", ""graha"": ""Moon"", ""fact_ids"": [], ""salience"": 0.0, ""signal_id"": null, ""signal_type_id"": null, ""classical_sources"": []}], ""activation_state"": ""conditional"", ""event_class_name"": ""Relocation"", ""ayanamsha_robustness"": 5, ""tradition_concordance"": {""kp"": {""signal_count"": 7, ""concordance_score"": 0.5072}, ""jaimini"": {""signal_count"": 24, ""concordance_score"": 1.2257}, ""parashari"": {""signal_count"": 72, ""concordance_score"": 0.414}}, ""canonical_ayanamsha_id"": ""lahiri_chitrapaksha""}",f,mi_darshana_v1.0,2026-08-13 01:17:18.816256+00
482012f1-710e-4a25-994a-93821f5871aa,verdict_illness_acute,verdict_object,health,,illness_acute,"Acute Illness: conditional (grade 4.7/10). Conditional — context-dependent, per cross-tradition concordance.",0.471,"[0.32,0.62)",4,clean,structural,v1.7,,"{""grade"": 4.71, ""domain"": ""health"", ""contradictions"": [{""resolution"": null, ""signal_a_id"": ""17ef271e-b82b-46a5-bf55-65e090b93141"", ""signal_b_id"": ""de5797fa-a4f8-40a0-92ca-410071180f1e"", ""tension_class"": ""domain_promise_vs_denial"", ""combined_salience"": 1.246312, ""verification_status"": ""documented_approximation""}], ""event_class_id"": ""illness_acute"", ""ranked_evidence"": [{""slot"": ""house_lord"", ""tier"": ""friend"", ""graha"": ""Mercury"", ""fact_ids"": [], ""salience"": 0.3, ""signal_id"": null, ""signal_type_id"": null, ""classical_sources"": []}, {""slot"": ""karaka"", ""tier"": ""friend"", ""graha"": ""Mars"", ""fact_ids"": [], ""salience"": 0.1714285714285714, ""signal_id"": null, ""signal_type_id"": null, ""classical_sources"": []}, {""slot"": ""divisional"", ""tier"": null, ""graha"": ""Mars"", ""fact_ids"": [], ""salience"": 0.0, ""signal_id"": null, ""signal_type_id"": null, ""classical_sources"": []}, {""slot"": ""yoga"", ""tier"": null, ""graha"": null, ""fact_ids"": [], ""salience"": 0.0, ""signal_id"": null, ""signal_type_id"": null, ""classical_sources"": []}], ""activation_state"": ""conditional"", ""event_class_name"": ""Acute Illness"", ""ayanamsha_robustness"": 5, ""tradition_concordance"": {""kp"": {""signal_count"": 19, ""concordance_score"": 0.6038}, ""parashari"": {""signal_count"": 728, ""concordance_score"": 0.7874}}, ""canonical_ayanamsha_id"": ""lahiri_chitrapaksha""}",f,mi_darshana_v1.0,2026-08-13 01:17:18.816256+00
482012f1-710e-4a25-994a-93821f5871aa,verdict_surgery,verdict_object,health,,surgery,"Surgery: conditional (grade 4.7/10). Conditional — context-dependent, per cross-tradition concordance.",0.471,"[0.32,0.62)",5,clean,structural,v1.7,,"{""grade"": 4.71, ""domain"": ""health"", ""contradictions"": [{""resolution"": null, ""signal_a_id"": ""17ef271e-b82b-46a5-bf55-65e090b93141"", ""signal_b_id"": ""de5797fa-a4f8-40a0-92ca-410071180f1e"", ""tension_class"": ""domain_promise_vs_denial"", ""combined_salience"": 1.246312, ""verification_status"": ""documented_approximation""}], ""event_class_id"": ""surgery"", ""ranked_evidence"": [{""slot"": ""karaka"", ""tier"": ""friend"", ""graha"": ""Mars"", ""fact_ids"": [], ""salience"": 0.1714285714285714, ""signal_id"": null, ""signal_type_id"": null, ""classical_sources"": []}, {""slot"": ""house_lord"", ""tier"": ""friend"", ""graha"": ""Mercury"", ""fact_ids"": [], ""salience"": 0.15, ""signal_id"": null, ""signal_type_id"": null, ""classical_sources"": []}, {""slot"": ""house_lord"", ""tier"": ""friend"", ""graha"": ""Mars"", ""fact_ids"": [], ""salience"": 0.15, ""signal_id"": null, ""signal_type_id"": null, ""classical_sources"": []}, {""slot"": ""divisional"", ""tier"": null, ""graha"": ""Mars"", ""fact_ids"": [], ""salience"": 0.0, ""signal_id"": null, ""signal_type_id"": null, ""classical_sources"": []}, {""slot"": ""yoga"", ""tier"": null, ""graha"": null, ""fact_ids"": [], ""salience"": 0.0, ""signal_id"": null, ""signal_type_id"": null, ""classical_sources"": []}], ""activation_state"": ""conditional"", ""event_class_name"": ""Surgery"", ""ayanamsha_robustness"": 5, ""tradition_concordance"": {""kp"": {""signal_count"": 19, ""concordance_score"": 0.6038}, ""parashari"": {""signal_count"": 728, ""concordance_score"": 0.7874}}, ""canonical_ayanamsha_id"": ""lahiri_chitrapaksha""}",f,mi_darshana_v1.0,2026-08-13 01:17:18.816256+00
482012f1-710e-4a25-994a-93821f5871aa,verdict_marriage,verdict_object,relationship,,marriage,"Marriage: conditional (grade 4.5/10). Conditional — context-dependent, per cross-tradition concordance.",0.45,"[0.3,0.6)",5,clean,structural,v1.7,,"{""grade"": 4.5, ""domain"": ""relationship"", ""contradictions"": [], ""event_class_id"": ""marriage"", ""ranked_evidence"": [{""slot"": ""house_lord"", ""tier"": ""neutral"", ""graha"": ""Venus"", ""fact_ids"": [], ""salience"": 0.25, ""signal_id"": null, ""signal_type_id"": null, ""classical_sources"": []}, {""slot"": ""karaka"", ""tier"": ""moolatrikona"", ""graha"": ""Jupiter"", ""fact_ids"": [], ""salience"": 0.12857142857142856, ""signal_id"": null, ""signal_type_id"": null, ""classical_sources"": []}, {""slot"": ""karaka"", ""tier"": ""neutral"", ""graha"": ""Venus"", ""fact_ids"": [], ""salience"": 0.07142857142857142, ""signal_id"": null, ""signal_type_id"": null, ""classical_sources"": []}, {""slot"": ""divisional"", ""tier"": ""debilitated"", ""graha"": ""Venus"", ""fact_ids"": [], ""salience"": 0.0, ""signal_id"": null, ""signal_type_id"": null, ""classical_sources"": []}, {""slot"": ""yoga"", ""tier"": null, ""graha"": null, ""fact_ids"": [], ""salience"": 0.0, ""signal_id"": null, ""signal_type_id"": null, ""classical_sources"": []}], ""activation_state"": ""conditional"", ""event_class_name"": ""Marriage"", ""ayanamsha_robustness"": 5, ""tradition_concordance"": {""kp"": {""signal_count"": 179, ""concordance_score"": 1.3538}, ""tajika"": {""signal_count"": 62, ""concordance_score"": 0.5233}, ""jaimini"": {""signal_count"": 121, ""concordance_score"": 1.8909}, ""parashari"": {""signal_count"": 3234, ""concordance_score"": 2.1611}}, ""canonical_ayanamsha_id"": ""lahiri_chitrapaksha""}",f,mi_darshana_v1.0,2026-08-13 01:17:18.816256+00
482012f1-710e-4a25-994a-93821f5871aa,verdict_romantic_start,verdict_object,relationship,,romantic_start,"Romantic Relationship Start: conditional (grade 3.9/10). Conditional — context-dependent, per cross-tradition concordance.",0.393,"[0.24,0.54)",5,clean,structural,v1.7,,"{""grade"": 3.93, ""domain"": ""relationship"", ""contradictions"": [], ""event_class_id"": ""romantic_start"", ""ranked_evidence"": [{""slot"": ""karaka"", ""tier"": ""neutral"", ""graha"": ""Venus"", ""fact_ids"": [], ""salience"": 0.14285714285714285, ""signal_id"": null, ""signal_type_id"": null, ""classical_sources"": []}, {""slot"": ""house_lord"", ""tier"": ""neutral"", ""graha"": ""Sun"", ""fact_ids"": [], ""salience"": 0.125, ""signal_id"": null, ""signal_type_id"": null, ""classical_sources"": []}, {""slot"": ""house_lord"", ""tier"": ""neutral"", ""graha"": ""Venus"", ""fact_ids"": [], ""salience"": 0.125, ""signal_id"": null, ""signal_type_id"": null, ""classical_sources"": []}, {""slot"": ""divisional"", ""tier"": ""debilitated"", ""graha"": ""Venus"", ""fact_ids"": [], ""salience"": 0.0, ""signal_id"": null, ""signal_type_id"": null, ""classical_sources"": []}, {""slot"": ""yoga"", ""tier"": null, ""graha"": null, ""fact_ids"": [], ""salience"": 0.0, ""signal_id"": null, ""signal_type_id"": null, ""classical_sources"": []}], ""activation_state"": ""conditional"", ""event_class_name"": ""Romantic Relationship Start"", ""ayanamsha_robustness"": 5, ""tradition_concordance"": {""kp"": {""signal_count"": 179, ""concordance_score"": 1.3538}, ""tajika"": {""signal_count"": 62, ""concordance_score"": 0.5233}, ""jaimini"": {""signal_count"": 121, ""concordance_score"": 1.8909}, ""parashari"": {""signal_count"": 3234, ""concordance_score"": 2.1611}}, ""canonical_ayanamsha_id"": ""lahiri_chitrapaksha""}",f,mi_darshana_v1.0,2026-08-13 01:17:18.816256+00
482012f1-710e-4a25-994a-93821f5871aa,verdict_property_acquisition,verdict_object,residence,,property_acquisition,"Property Acquisition: conditional (grade 3.8/10). Conditional — context-dependent, per cross-tradition concordance.",0.379,"[0.23,0.53)",5,clean,structural,v1.7,,"{""grade"": 3.79, ""domain"": ""residence"", ""contradictions"": [], ""event_class_id"": ""property_acquisition"", ""ranked_evidence"": [{""slot"": ""house_lord"", ""tier"": ""enemy"", ""graha"": ""Moon"", ""fact_ids"": [], ""salience"": 0.15, ""signal_id"": null, ""signal_type_id"": null, ""classical_sources"": []}, {""slot"": ""karaka"", ""tier"": ""friend"", ""graha"": ""Mars"", ""fact_ids"": [], ""salience"": 0.0857142857142857, ""signal_id"": null, ""signal_type_id"": null, ""classical_sources"": []}, {""slot"": ""karaka"", ""tier"": ""neutral"", ""graha"": ""Venus"", ""fact_ids"": [], ""salience"": 0.07142857142857142, ""signal_id"": null, ""signal_type_id"": null, ""classical_sources"": []}, {""slot"": ""divisional"", ""tier"": ""neutral"", ""graha"": ""Mars"", ""fact_ids"": [], ""salience"": 0.07142857142857142, ""signal_id"": null, ""signal_type_id"": null, ""classical_sources"": []}, {""slot"": ""yoga"", ""tier"": null, ""graha"": null, ""fact_ids"": [], ""salience"": 0.0, ""signal_id"": null, ""signal_type_id"": null, ""classical_sources"": []}], ""activation_state"": ""conditional"", ""event_class_name"": ""Property Acquisition"", ""ayanamsha_robustness"": 5, ""tradition_concordance"": {""kp"": {""signal_count"": 7, ""concordance_score"": 0.5072}, ""jaimini"": {""signal_count"": 24, ""concordance_score"": 1.2257}, ""parashari"": {""signal_count"": 72, ""concordance_score"": 0.414}}, ""canonical_ayanamsha_id"": ""lahiri_chitrapaksha""}",f,mi_darshana_v1.0,2026-08-13 01:17:18.816256+00
