chart_id,prediction_id,channel_id,domain,source,citation_ref,is_literal,frozen_at
482012f1-710e-4a25-994a-93821f5871aa,pred_024d552a-5466-49ea-af7f-8659d3e25c1b,ch_spirituality_verbal,spirituality,phala_anchors,"{""anchor_id"": ""024d552a-5466-49ea-af7f-8659d3e25c1b""}",t,2026-08-13 01:16:29.658705+00
482012f1-710e-4a25-994a-93821f5871aa,pred_02ef46ca-a364-4a31-8e97-22443ae4cb39,ch_career_verbal,career,phala_anchors,"{""anchor_id"": ""02ef46ca-a364-4a31-8e97-22443ae4cb39""}",t,2026-08-13 01:16:29.658705+00
482012f1-710e-4a25-994a-93821f5871aa,pred_040d119f-2bb1-4270-bcba-793419dccf01,ch_transition_verbal,transition,phala_anchors,"{""anchor_id"": ""040d119f-2bb1-4270-bcba-793419dccf01""}",t,2026-08-13 01:16:29.658705+00
482012f1-710e-4a25-994a-93821f5871aa,pred_045be9a8-10c1-4783-932d-d399f810dba0,ch_transition_verbal,transition,phala_anchors,"{""anchor_id"": ""045be9a8-10c1-4783-932d-d399f810dba0""}",t,2026-08-13 01:16:29.658705+00
482012f1-710e-4a25-994a-93821f5871aa,pred_057a97fa-27c1-461a-9fdd-7ed9d5ad4b83,ch_health_verbal,health,phala_anchors,"{""anchor_id"": ""057a97fa-27c1-461a-9fdd-7ed9d5ad4b83""}",t,2026-08-13 01:16:29.658705+00
482012f1-710e-4a25-994a-93821f5871aa,pred_05f1a8db-d6c8-4121-9fbf-f86ecb7e8950,ch_wealth_verbal,wealth,phala_anchors,"{""anchor_id"": ""05f1a8db-d6c8-4121-9fbf-f86ecb7e8950""}",t,2026-08-13 01:16:29.658705+00
482012f1-710e-4a25-994a-93821f5871aa,pred_066cf889-3b38-419f-813a-ecaa14054d07,ch_transition_verbal,transition,phala_anchors,"{""anchor_id"": ""066cf889-3b38-419f-813a-ecaa14054d07""}",t,2026-08-13 01:16:29.658705+00
482012f1-710e-4a25-994a-93821f5871aa,pred_06a829fb-f070-4866-afc7-39bcb3fb3f87,ch_transition_verbal,transition,phala_anchors,"{""anchor_id"": ""06a829fb-f070-4866-afc7-39bcb3fb3f87""}",t,2026-08-13 01:16:29.658705+00
482012f1-710e-4a25-994a-93821f5871aa,pred_0706693e-361c-4e9e-bebb-88802b35444d,ch_wealth_verbal,wealth,phala_anchors,"{""anchor_id"": ""0706693e-361c-4e9e-bebb-88802b35444d""}",t,2026-08-13 01:16:29.658705+00
482012f1-710e-4a25-994a-93821f5871aa,pred_07f0d4c9-8c11-4b35-acd0-dbd04a02f35e,ch_transition_verbal,transition,phala_anchors,"{""anchor_id"": ""07f0d4c9-8c11-4b35-acd0-dbd04a02f35e""}",t,2026-08-13 01:16:29.658705+00
482012f1-710e-4a25-994a-93821f5871aa,pred_0a4f4a76-1f84-478e-9560-6cee8c92e180,ch_transition_verbal,transition,phala_anchors,"{""anchor_id"": ""0a4f4a76-1f84-478e-9560-6cee8c92e180""}",t,2026-08-13 01:16:29.658705+00
482012f1-710e-4a25-994a-93821f5871aa,pred_0d2241c8-bfaf-4303-80e6-34ea9acb053a,ch_career_verbal,career,phala_anchors,"{""anchor_id"": ""0d2241c8-bfaf-4303-80e6-34ea9acb053a""}",t,2026-08-13 01:16:29.658705+00
482012f1-710e-4a25-994a-93821f5871aa,pred_1031d3c5-e0bf-401f-aeab-6888415d4901,ch_transition_verbal,transition,phala_anchors,"{""anchor_id"": ""1031d3c5-e0bf-401f-aeab-6888415d4901""}",t,2026-08-13 01:16:29.658705+00
482012f1-710e-4a25-994a-93821f5871aa,pred_11e7b48d-89fa-4ee7-8309-5f5897004cf0,ch_career_verbal,career,phala_anchors,"{""anchor_id"": ""11e7b48d-89fa-4ee7-8309-5f5897004cf0""}",t,2026-08-13 01:16:29.658705+00
482012f1-710e-4a25-994a-93821f5871aa,pred_12a16552-76e3-4435-8add-d8f642ffd5fa,ch_wealth_verbal,wealth,phala_anchors,"{""anchor_id"": ""12a16552-76e3-4435-8add-d8f642ffd5fa""}",t,2026-08-13 01:16:29.658705+00
482012f1-710e-4a25-994a-93821f5871aa,pred_1308e667-9315-4f17-90c2-175913c78773,ch_transition_verbal,transition,phala_anchors,"{""anchor_id"": ""1308e667-9315-4f17-90c2-175913c78773""}",t,2026-08-13 01:16:29.658705+00
482012f1-710e-4a25-994a-93821f5871aa,pred_14ca8e88-14a9-46af-af84-6b66db2b9ccb,ch_spirituality_verbal,spirituality,phala_anchors,"{""anchor_id"": ""14ca8e88-14a9-46af-af84-6b66db2b9ccb""}",t,2026-08-13 01:16:29.658705+00
482012f1-710e-4a25-994a-93821f5871aa,pred_16d2f0cb-7336-4673-9d65-9b08b551d1fd,ch_transition_verbal,transition,phala_anchors,"{""anchor_id"": ""16d2f0cb-7336-4673-9d65-9b08b551d1fd""}",t,2026-08-13 01:16:29.658705+00
482012f1-710e-4a25-994a-93821f5871aa,pred_1725ee1e-b8b0-4ffb-871a-6efb15680f7b,ch_wealth_verbal,wealth,phala_anchors,"{""anchor_id"": ""1725ee1e-b8b0-4ffb-871a-6efb15680f7b""}",t,2026-08-13 01:16:29.658705+00
482012f1-710e-4a25-994a-93821f5871aa,pred_1838a99c-42b0-4217-9aa9-b40e95ee3b1a,ch_relationship_verbal,relationship,phala_anchors,"{""anchor_id"": ""1838a99c-42b0-4217-9aa9-b40e95ee3b1a""}",t,2026-08-13 01:16:29.658705+00
482012f1-710e-4a25-994a-93821f5871aa,pred_1b91874b-c8fa-4a0e-88c7-a910969b34c0,ch_transition_verbal,transition,phala_anchors,"{""anchor_id"": ""1b91874b-c8fa-4a0e-88c7-a910969b34c0""}",t,2026-08-13 01:16:29.658705+00
482012f1-710e-4a25-994a-93821f5871aa,pred_1c87f91c-1e9d-488f-85ac-46130140d135,ch_transition_verbal,transition,phala_anchors,"{""anchor_id"": ""1c87f91c-1e9d-488f-85ac-46130140d135""}",t,2026-08-13 01:16:29.658705+00
482012f1-710e-4a25-994a-93821f5871aa,pred_238d15a4-c198-4dfe-86f0-b91a20fccaec,ch_transition_verbal,transition,phala_anchors,"{""anchor_id"": ""238d15a4-c198-4dfe-86f0-b91a20fccaec""}",t,2026-08-13 01:16:29.658705+00
482012f1-710e-4a25-994a-93821f5871aa,pred_23bd38d3-6e61-4057-b728-1d91be93100c,ch_relationship_verbal,relationship,phala_anchors,"{""anchor_id"": ""23bd38d3-6e61-4057-b728-1d91be93100c""}",t,2026-08-13 01:16:29.658705+00
482012f1-710e-4a25-994a-93821f5871aa,pred_241dc768-1675-4a51-9816-47cb0972126e,ch_transition_verbal,transition,phala_anchors,"{""anchor_id"": ""241dc768-1675-4a51-9816-47cb0972126e""}",t,2026-08-13 01:16:29.658705+00
482012f1-710e-4a25-994a-93821f5871aa,pred_28186bdd-eb93-40e1-b879-9afd75981d64,ch_career_verbal,career,phala_anchors,"{""anchor_id"": ""28186bdd-eb93-40e1-b879-9afd75981d64""}",t,2026-08-13 01:16:29.658705+00
482012f1-710e-4a25-994a-93821f5871aa,pred_2b35548c-f119-4608-9028-48ee08c77f10,ch_transition_verbal,transition,phala_anchors,"{""anchor_id"": ""2b35548c-f119-4608-9028-48ee08c77f10""}",t,2026-08-13 01:16:29.658705+00
482012f1-710e-4a25-994a-93821f5871aa,pred_2edf6df4-cbf4-44b6-a0ee-ab426c88eabb,ch_transition_verbal,transition,phala_anchors,"{""anchor_id"": ""2edf6df4-cbf4-44b6-a0ee-ab426c88eabb""}",t,2026-08-13 01:16:29.658705+00
482012f1-710e-4a25-994a-93821f5871aa,pred_30fe8756-3341-40fc-94fd-a2e1cc1b395d,ch_career_verbal,career,phala_anchors,"{""anchor_id"": ""30fe8756-3341-40fc-94fd-a2e1cc1b395d""}",t,2026-08-13 01:16:29.658705+00
482012f1-710e-4a25-994a-93821f5871aa,pred_316b489e-f0b9-422f-82e5-1c0409dae31d,ch_relationship_verbal,relationship,phala_anchors,"{""anchor_id"": ""316b489e-f0b9-422f-82e5-1c0409dae31d""}",t,2026-08-13 01:16:29.658705+00
482012f1-710e-4a25-994a-93821f5871aa,pred_32ef8885-dbfb-404f-967f-5c42cadbec11,ch_wealth_verbal,wealth,phala_anchors,"{""anchor_id"": ""32ef8885-dbfb-404f-967f-5c42cadbec11""}",t,2026-08-13 01:16:29.658705+00
482012f1-710e-4a25-994a-93821f5871aa,pred_341b7a0c-1171-4d00-9a25-a697d1338ce8,ch_transition_verbal,transition,phala_anchors,"{""anchor_id"": ""341b7a0c-1171-4d00-9a25-a697d1338ce8""}",t,2026-08-13 01:16:29.658705+00
482012f1-710e-4a25-994a-93821f5871aa,pred_36353bce-5e51-4969-8ce1-10d70f5f3af6,ch_wealth_verbal,wealth,phala_anchors,"{""anchor_id"": ""36353bce-5e51-4969-8ce1-10d70f5f3af6""}",t,2026-08-13 01:16:29.658705+00
482012f1-710e-4a25-994a-93821f5871aa,pred_42955a0b-5b57-4fa2-b466-3e01a428f427,ch_character_verbal,character,phala_anchors,"{""anchor_id"": ""42955a0b-5b57-4fa2-b466-3e01a428f427""}",t,2026-08-13 01:16:29.658705+00
482012f1-710e-4a25-994a-93821f5871aa,pred_43822bc3-594f-494d-8926-3b12b408b26d,ch_career_verbal,career,phala_anchors,"{""anchor_id"": ""43822bc3-594f-494d-8926-3b12b408b26d""}",t,2026-08-13 01:16:29.658705+00
482012f1-710e-4a25-994a-93821f5871aa,pred_4a71244c-23e8-4c39-9a3a-b0abd6be000c,ch_career_verbal,career,phala_anchors,"{""anchor_id"": ""4a71244c-23e8-4c39-9a3a-b0abd6be000c""}",t,2026-08-13 01:16:29.658705+00
482012f1-710e-4a25-994a-93821f5871aa,pred_4a8d892c-984c-4073-bc89-76ea8ca08dee,ch_spirituality_verbal,spirituality,phala_anchors,"{""anchor_id"": ""4a8d892c-984c-4073-bc89-76ea8ca08dee""}",t,2026-08-13 01:16:29.658705+00
482012f1-710e-4a25-994a-93821f5871aa,pred_4ac99b91-9d77-42c7-85aa-66991f55b4c8,ch_wealth_verbal,wealth,phala_anchors,"{""anchor_id"": ""4ac99b91-9d77-42c7-85aa-66991f55b4c8""}",t,2026-08-13 01:16:29.658705+00
482012f1-710e-4a25-994a-93821f5871aa,pred_4d132638-c8b5-4c69-8eea-5a3678198e94,ch_transition_verbal,transition,phala_anchors,"{""anchor_id"": ""4d132638-c8b5-4c69-8eea-5a3678198e94""}",t,2026-08-13 01:16:29.658705+00
482012f1-710e-4a25-994a-93821f5871aa,pred_4e90007f-0101-43b5-adf1-690c96fda70d,ch_wealth_verbal,wealth,phala_anchors,"{""anchor_id"": ""4e90007f-0101-43b5-adf1-690c96fda70d""}",t,2026-08-13 01:16:29.658705+00
482012f1-710e-4a25-994a-93821f5871aa,pred_4f18d77f-880b-4ed7-942c-39025f34374d,ch_transition_verbal,transition,phala_anchors,"{""anchor_id"": ""4f18d77f-880b-4ed7-942c-39025f34374d""}",t,2026-08-13 01:16:29.658705+00
482012f1-710e-4a25-994a-93821f5871aa,pred_500bae57-030a-4268-a6c0-3b067a9c1dd3,ch_wealth_verbal,wealth,phala_anchors,"{""anchor_id"": ""500bae57-030a-4268-a6c0-3b067a9c1dd3""}",t,2026-08-13 01:16:29.658705+00
482012f1-710e-4a25-994a-93821f5871aa,pred_533f0b3b-9a20-4f2f-a288-0c5e507eff37,ch_spirituality_verbal,spirituality,phala_anchors,"{""anchor_id"": ""533f0b3b-9a20-4f2f-a288-0c5e507eff37""}",t,2026-08-13 01:16:29.658705+00
482012f1-710e-4a25-994a-93821f5871aa,pred_53a130ce-4e0f-4aa2-b708-5567add165d0,ch_relationship_verbal,relationship,phala_anchors,"{""anchor_id"": ""53a130ce-4e0f-4aa2-b708-5567add165d0""}",t,2026-08-13 01:16:29.658705+00
482012f1-710e-4a25-994a-93821f5871aa,pred_542f7d20-5745-44d1-8662-ed707bf63483,ch_wealth_verbal,wealth,phala_anchors,"{""anchor_id"": ""542f7d20-5745-44d1-8662-ed707bf63483""}",t,2026-08-13 01:16:29.658705+00
482012f1-710e-4a25-994a-93821f5871aa,pred_56f291b5-3fba-4eee-adf6-0081abcd73d3,ch_wealth_verbal,wealth,phala_anchors,"{""anchor_id"": ""56f291b5-3fba-4eee-adf6-0081abcd73d3""}",t,2026-08-13 01:16:29.658705+00
482012f1-710e-4a25-994a-93821f5871aa,pred_5754ef52-2ba3-441e-89f4-df2b052a0a6a,ch_transition_verbal,transition,phala_anchors,"{""anchor_id"": ""5754ef52-2ba3-441e-89f4-df2b052a0a6a""}",t,2026-08-13 01:16:29.658705+00
482012f1-710e-4a25-994a-93821f5871aa,pred_58a52e8d-2b46-4a20-b5fd-3b72db121890,ch_career_verbal,career,phala_anchors,"{""anchor_id"": ""58a52e8d-2b46-4a20-b5fd-3b72db121890""}",t,2026-08-13 01:16:29.658705+00
482012f1-710e-4a25-994a-93821f5871aa,pred_59400edd-a6b0-4946-a16c-ec7e0f7d739e,ch_transition_verbal,transition,phala_anchors,"{""anchor_id"": ""59400edd-a6b0-4946-a16c-ec7e0f7d739e""}",t,2026-08-13 01:16:29.658705+00
482012f1-710e-4a25-994a-93821f5871aa,pred_5ab5b95b-c6fe-4dd2-b4f1-dfd608e203c7,ch_health_verbal,health,phala_anchors,"{""anchor_id"": ""5ab5b95b-c6fe-4dd2-b4f1-dfd608e203c7""}",t,2026-08-13 01:16:29.658705+00
482012f1-710e-4a25-994a-93821f5871aa,pred_5bbc59c1-94d5-4133-ac8e-e1c235f4b0a2,ch_transition_verbal,transition,phala_anchors,"{""anchor_id"": ""5bbc59c1-94d5-4133-ac8e-e1c235f4b0a2""}",t,2026-08-13 01:16:29.658705+00
482012f1-710e-4a25-994a-93821f5871aa,pred_5c72c595-bd84-4afb-9bd6-6d63ccfb5268,ch_career_verbal,career,phala_anchors,"{""anchor_id"": ""5c72c595-bd84-4afb-9bd6-6d63ccfb5268""}",t,2026-08-13 01:16:29.658705+00
482012f1-710e-4a25-994a-93821f5871aa,pred_5f64e035-3af3-4446-863e-cc0a9b64d3cb,ch_transition_verbal,transition,phala_anchors,"{""anchor_id"": ""5f64e035-3af3-4446-863e-cc0a9b64d3cb""}",t,2026-08-13 01:16:29.658705+00
482012f1-710e-4a25-994a-93821f5871aa,pred_60fbe639-beb0-4308-ac45-e51301947057,ch_career_verbal,career,phala_anchors,"{""anchor_id"": ""60fbe639-beb0-4308-ac45-e51301947057""}",t,2026-08-13 01:16:29.658705+00
482012f1-710e-4a25-994a-93821f5871aa,pred_615b7a23-7341-42be-9455-6a8fa4a84ed4,ch_transition_verbal,transition,phala_anchors,"{""anchor_id"": ""615b7a23-7341-42be-9455-6a8fa4a84ed4""}",t,2026-08-13 01:16:29.658705+00
482012f1-710e-4a25-994a-93821f5871aa,pred_62a085fe-73aa-4e5b-95fa-62f009c5eb8f,ch_career_verbal,career,phala_anchors,"{""anchor_id"": ""62a085fe-73aa-4e5b-95fa-62f009c5eb8f""}",t,2026-08-13 01:16:29.658705+00
482012f1-710e-4a25-994a-93821f5871aa,pred_639f219c-54a7-4f05-aea8-e09f775596fd,ch_transition_verbal,transition,phala_anchors,"{""anchor_id"": ""639f219c-54a7-4f05-aea8-e09f775596fd""}",t,2026-08-13 01:16:29.658705+00
482012f1-710e-4a25-994a-93821f5871aa,pred_6775cfb7-53fd-4f0e-a911-01622ebdcf61,ch_transition_verbal,transition,phala_anchors,"{""anchor_id"": ""6775cfb7-53fd-4f0e-a911-01622ebdcf61""}",t,2026-08-13 01:16:29.658705+00
482012f1-710e-4a25-994a-93821f5871aa,pred_68754b6c-0e2b-4d67-9256-69c60c7f5da2,ch_transition_verbal,transition,phala_anchors,"{""anchor_id"": ""68754b6c-0e2b-4d67-9256-69c60c7f5da2""}",t,2026-08-13 01:16:29.658705+00
482012f1-710e-4a25-994a-93821f5871aa,pred_6b95104e-a02d-440f-9bde-2f28f16a79f5,ch_wealth_verbal,wealth,phala_anchors,"{""anchor_id"": ""6b95104e-a02d-440f-9bde-2f28f16a79f5""}",t,2026-08-13 01:16:29.658705+00
482012f1-710e-4a25-994a-93821f5871aa,pred_6bb13d11-e014-4ea5-8121-c9bc2eef192b,ch_transition_verbal,transition,phala_anchors,"{""anchor_id"": ""6bb13d11-e014-4ea5-8121-c9bc2eef192b""}",t,2026-08-13 01:16:29.658705+00
482012f1-710e-4a25-994a-93821f5871aa,pred_6d609555-af6a-4a4e-a88a-c14337fc38f3,ch_career_verbal,career,phala_anchors,"{""anchor_id"": ""6d609555-af6a-4a4e-a88a-c14337fc38f3""}",t,2026-08-13 01:16:29.658705+00
482012f1-710e-4a25-994a-93821f5871aa,pred_6e0c6351-d7bd-4efe-abf1-447ee6760f5c,ch_transition_verbal,transition,phala_anchors,"{""anchor_id"": ""6e0c6351-d7bd-4efe-abf1-447ee6760f5c""}",t,2026-08-13 01:16:29.658705+00
482012f1-710e-4a25-994a-93821f5871aa,pred_6ecc4a2e-75eb-4348-9a48-5536430db361,ch_wealth_verbal,wealth,phala_anchors,"{""anchor_id"": ""6ecc4a2e-75eb-4348-9a48-5536430db361""}",t,2026-08-13 01:16:29.658705+00
482012f1-710e-4a25-994a-93821f5871aa,pred_6f29c05b-bdce-4ae4-82bf-0e30aad9f2aa,ch_transition_verbal,transition,phala_anchors,"{""anchor_id"": ""6f29c05b-bdce-4ae4-82bf-0e30aad9f2aa""}",t,2026-08-13 01:16:29.658705+00
482012f1-710e-4a25-994a-93821f5871aa,pred_71726f2a-e429-4085-b2cb-1e854cd360dd,ch_transition_verbal,transition,phala_anchors,"{""anchor_id"": ""71726f2a-e429-4085-b2cb-1e854cd360dd""}",t,2026-08-13 01:16:29.658705+00
482012f1-710e-4a25-994a-93821f5871aa,pred_721dc389-1f98-43fb-8c02-24149c21211b,ch_transition_verbal,transition,phala_anchors,"{""anchor_id"": ""721dc389-1f98-43fb-8c02-24149c21211b""}",t,2026-08-13 01:16:29.658705+00
482012f1-710e-4a25-994a-93821f5871aa,pred_72e57390-8028-4ae9-8a26-143ace42091a,ch_career_verbal,career,phala_anchors,"{""anchor_id"": ""72e57390-8028-4ae9-8a26-143ace42091a""}",t,2026-08-13 01:16:29.658705+00
482012f1-710e-4a25-994a-93821f5871aa,pred_7329e9e9-03f7-429e-a39d-6f58f20f5606,ch_wealth_verbal,wealth,phala_anchors,"{""anchor_id"": ""7329e9e9-03f7-429e-a39d-6f58f20f5606""}",t,2026-08-13 01:16:29.658705+00
482012f1-710e-4a25-994a-93821f5871aa,pred_7463abe7-c435-494e-83b9-4ce3e7385925,ch_relationship_verbal,relationship,phala_anchors,"{""anchor_id"": ""7463abe7-c435-494e-83b9-4ce3e7385925""}",t,2026-08-13 01:16:29.658705+00
482012f1-710e-4a25-994a-93821f5871aa,pred_77a8398c-c864-4259-9bb0-110ccce216f1,ch_transition_verbal,transition,phala_anchors,"{""anchor_id"": ""77a8398c-c864-4259-9bb0-110ccce216f1""}",t,2026-08-13 01:16:29.658705+00
482012f1-710e-4a25-994a-93821f5871aa,pred_78798c51-c165-4e76-aa96-bf0edb46836e,ch_health_verbal,health,phala_anchors,"{""anchor_id"": ""78798c51-c165-4e76-aa96-bf0edb46836e""}",t,2026-08-13 01:16:29.658705+00
482012f1-710e-4a25-994a-93821f5871aa,pred_7f5a2022-ab5b-4781-850a-7cc861ed93fe,ch_character_verbal,character,phala_anchors,"{""anchor_id"": ""7f5a2022-ab5b-4781-850a-7cc861ed93fe""}",t,2026-08-13 01:16:29.658705+00
482012f1-710e-4a25-994a-93821f5871aa,pred_7fdf4ac0-4acf-4ebb-a0ac-5b29ee87f491,ch_wealth_verbal,wealth,phala_anchors,"{""anchor_id"": ""7fdf4ac0-4acf-4ebb-a0ac-5b29ee87f491""}",t,2026-08-13 01:16:29.658705+00
482012f1-710e-4a25-994a-93821f5871aa,pred_8054b838-b690-43d7-b286-a752e40345e2,ch_career_verbal,career,phala_anchors,"{""anchor_id"": ""8054b838-b690-43d7-b286-a752e40345e2""}",t,2026-08-13 01:16:29.658705+00
482012f1-710e-4a25-994a-93821f5871aa,pred_846fe7c9-1824-4d95-8718-a35076f1fcea,ch_career_verbal,career,phala_anchors,"{""anchor_id"": ""846fe7c9-1824-4d95-8718-a35076f1fcea""}",t,2026-08-13 01:16:29.658705+00
482012f1-710e-4a25-994a-93821f5871aa,pred_85786ccb-247f-44ab-a2ea-b45e4c2455ba,ch_transition_verbal,transition,phala_anchors,"{""anchor_id"": ""85786ccb-247f-44ab-a2ea-b45e4c2455ba""}",t,2026-08-13 01:16:29.658705+00
482012f1-710e-4a25-994a-93821f5871aa,pred_8674627d-134c-4302-8253-21ee66313a0a,ch_transition_verbal,transition,phala_anchors,"{""anchor_id"": ""8674627d-134c-4302-8253-21ee66313a0a""}",t,2026-08-13 01:16:29.658705+00
482012f1-710e-4a25-994a-93821f5871aa,pred_8769f33a-5dc2-4c77-901c-e5f6045863a1,ch_career_verbal,career,phala_anchors,"{""anchor_id"": ""8769f33a-5dc2-4c77-901c-e5f6045863a1""}",t,2026-08-13 01:16:29.658705+00
482012f1-710e-4a25-994a-93821f5871aa,pred_87ef2e6b-d601-424c-8f8a-0fd9dbe09a7f,ch_career_verbal,career,phala_anchors,"{""anchor_id"": ""87ef2e6b-d601-424c-8f8a-0fd9dbe09a7f""}",t,2026-08-13 01:16:29.658705+00
482012f1-710e-4a25-994a-93821f5871aa,pred_88d9b7da-01fa-4664-b1b6-60ab7be996af,ch_relationship_verbal,relationship,phala_anchors,"{""anchor_id"": ""88d9b7da-01fa-4664-b1b6-60ab7be996af""}",t,2026-08-13 01:16:29.658705+00
482012f1-710e-4a25-994a-93821f5871aa,pred_8aa28d54-8c02-44a4-93bf-57f3def45872,ch_career_verbal,career,phala_anchors,"{""anchor_id"": ""8aa28d54-8c02-44a4-93bf-57f3def45872""}",t,2026-08-13 01:16:29.658705+00
482012f1-710e-4a25-994a-93821f5871aa,pred_8d06c686-ac1c-4cb9-a51e-25d4da5be59e,ch_health_verbal,health,phala_anchors,"{""anchor_id"": ""8d06c686-ac1c-4cb9-a51e-25d4da5be59e""}",t,2026-08-13 01:16:29.658705+00
482012f1-710e-4a25-994a-93821f5871aa,pred_8d364789-d299-46ac-b895-5fef6b1bd831,ch_wealth_verbal,wealth,phala_anchors,"{""anchor_id"": ""8d364789-d299-46ac-b895-5fef6b1bd831""}",t,2026-08-13 01:16:29.658705+00
482012f1-710e-4a25-994a-93821f5871aa,pred_8ed39fb9-881d-4b5a-9f2e-367069fb0e05,ch_spirituality_verbal,spirituality,phala_anchors,"{""anchor_id"": ""8ed39fb9-881d-4b5a-9f2e-367069fb0e05""}",t,2026-08-13 01:16:29.658705+00
482012f1-710e-4a25-994a-93821f5871aa,pred_8f0b249e-9a8e-4e80-91b1-212d6d41c56d,ch_transition_verbal,transition,phala_anchors,"{""anchor_id"": ""8f0b249e-9a8e-4e80-91b1-212d6d41c56d""}",t,2026-08-13 01:16:29.658705+00
482012f1-710e-4a25-994a-93821f5871aa,pred_917e2d0c-b113-4a11-bd11-2228a0765649,ch_character_verbal,character,phala_anchors,"{""anchor_id"": ""917e2d0c-b113-4a11-bd11-2228a0765649""}",t,2026-08-13 01:16:29.658705+00
482012f1-710e-4a25-994a-93821f5871aa,pred_91f37953-94be-4f67-9298-7275b329fcd7,ch_career_verbal,career,phala_anchors,"{""anchor_id"": ""91f37953-94be-4f67-9298-7275b329fcd7""}",t,2026-08-13 01:16:29.658705+00
482012f1-710e-4a25-994a-93821f5871aa,pred_93d03af4-8e60-4750-8cc3-c0812bbd0e32,ch_relationship_verbal,relationship,phala_anchors,"{""anchor_id"": ""93d03af4-8e60-4750-8cc3-c0812bbd0e32""}",t,2026-08-13 01:16:29.658705+00
482012f1-710e-4a25-994a-93821f5871aa,pred_98660c88-4d9c-477b-b580-7e79cb489724,ch_career_verbal,career,phala_anchors,"{""anchor_id"": ""98660c88-4d9c-477b-b580-7e79cb489724""}",t,2026-08-13 01:16:29.658705+00
482012f1-710e-4a25-994a-93821f5871aa,pred_9b32c540-06f2-4f70-9306-6cf69750339b,ch_wealth_verbal,wealth,phala_anchors,"{""anchor_id"": ""9b32c540-06f2-4f70-9306-6cf69750339b""}",t,2026-08-13 01:16:29.658705+00
482012f1-710e-4a25-994a-93821f5871aa,pred_9c4a659e-9b71-4310-b767-d9353828c265,ch_career_verbal,career,phala_anchors,"{""anchor_id"": ""9c4a659e-9b71-4310-b767-d9353828c265""}",t,2026-08-13 01:16:29.658705+00
482012f1-710e-4a25-994a-93821f5871aa,pred_9f112326-9db9-4658-8e5b-f2927599032f,ch_relationship_verbal,relationship,phala_anchors,"{""anchor_id"": ""9f112326-9db9-4658-8e5b-f2927599032f""}",t,2026-08-13 01:16:29.658705+00
482012f1-710e-4a25-994a-93821f5871aa,pred_a2b12517-fce4-4012-afc7-3c7c575d54e6,ch_transition_verbal,transition,phala_anchors,"{""anchor_id"": ""a2b12517-fce4-4012-afc7-3c7c575d54e6""}",t,2026-08-13 01:16:29.658705+00
482012f1-710e-4a25-994a-93821f5871aa,pred_a41d08c4-930c-4a2b-8aa2-1f6a7aec196b,ch_transition_verbal,transition,phala_anchors,"{""anchor_id"": ""a41d08c4-930c-4a2b-8aa2-1f6a7aec196b""}",t,2026-08-13 01:16:29.658705+00
482012f1-710e-4a25-994a-93821f5871aa,pred_a4a13518-b245-4f2a-9799-c3dfa079e369,ch_relationship_verbal,relationship,phala_anchors,"{""anchor_id"": ""a4a13518-b245-4f2a-9799-c3dfa079e369""}",t,2026-08-13 01:16:29.658705+00
482012f1-710e-4a25-994a-93821f5871aa,pred_a67bf956-1550-46a2-af50-3652355c069f,ch_career_verbal,career,phala_anchors,"{""anchor_id"": ""a67bf956-1550-46a2-af50-3652355c069f""}",t,2026-08-13 01:16:29.658705+00
482012f1-710e-4a25-994a-93821f5871aa,pred_a811641d-9dd7-49ad-9914-0f65a63892f6,ch_relationship_verbal,relationship,phala_anchors,"{""anchor_id"": ""a811641d-9dd7-49ad-9914-0f65a63892f6""}",t,2026-08-13 01:16:29.658705+00
482012f1-710e-4a25-994a-93821f5871aa,pred_a90031c8-da8c-40e4-831b-2b90cf7630a8,ch_transition_verbal,transition,phala_anchors,"{""anchor_id"": ""a90031c8-da8c-40e4-831b-2b90cf7630a8""}",t,2026-08-13 01:16:29.658705+00
482012f1-710e-4a25-994a-93821f5871aa,pred_aaca7840-c159-45ee-944c-7fb05a974261,ch_transition_verbal,transition,phala_anchors,"{""anchor_id"": ""aaca7840-c159-45ee-944c-7fb05a974261""}",t,2026-08-13 01:16:29.658705+00
482012f1-710e-4a25-994a-93821f5871aa,pred_ac2a7c74-2b01-4894-b822-f013efc64c99,ch_relationship_verbal,relationship,phala_anchors,"{""anchor_id"": ""ac2a7c74-2b01-4894-b822-f013efc64c99""}",t,2026-08-13 01:16:29.658705+00
482012f1-710e-4a25-994a-93821f5871aa,pred_acdce3e1-376c-4781-bf71-54a669a2f188,ch_relationship_verbal,relationship,phala_anchors,"{""anchor_id"": ""acdce3e1-376c-4781-bf71-54a669a2f188""}",t,2026-08-13 01:16:29.658705+00
482012f1-710e-4a25-994a-93821f5871aa,pred_ad4d9e84-e7dd-4135-aa95-e1dec1d6698b,ch_career_verbal,career,phala_anchors,"{""anchor_id"": ""ad4d9e84-e7dd-4135-aa95-e1dec1d6698b""}",t,2026-08-13 01:16:29.658705+00
482012f1-710e-4a25-994a-93821f5871aa,pred_ae1089b8-c9da-4ce3-a118-8597c0c49260,ch_transition_verbal,transition,phala_anchors,"{""anchor_id"": ""ae1089b8-c9da-4ce3-a118-8597c0c49260""}",t,2026-08-13 01:16:29.658705+00
482012f1-710e-4a25-994a-93821f5871aa,pred_b0ed02fc-980c-4a7b-ae9b-201c5f58010c,ch_wealth_verbal,wealth,phala_anchors,"{""anchor_id"": ""b0ed02fc-980c-4a7b-ae9b-201c5f58010c""}",t,2026-08-13 01:16:29.658705+00
482012f1-710e-4a25-994a-93821f5871aa,pred_b26fe9ac-4da3-4fab-b827-8aa389b9ef21,ch_transition_verbal,transition,phala_anchors,"{""anchor_id"": ""b26fe9ac-4da3-4fab-b827-8aa389b9ef21""}",t,2026-08-13 01:16:29.658705+00
482012f1-710e-4a25-994a-93821f5871aa,pred_b90952da-52fa-40bc-97c1-4a494eaa6fda,ch_transition_verbal,transition,phala_anchors,"{""anchor_id"": ""b90952da-52fa-40bc-97c1-4a494eaa6fda""}",t,2026-08-13 01:16:29.658705+00
482012f1-710e-4a25-994a-93821f5871aa,pred_bd38006a-7110-4f2e-8025-c9847093c4a1,ch_career_verbal,career,phala_anchors,"{""anchor_id"": ""bd38006a-7110-4f2e-8025-c9847093c4a1""}",t,2026-08-13 01:16:29.658705+00
482012f1-710e-4a25-994a-93821f5871aa,pred_bdf24533-7279-45b6-a26e-31ed7afedd28,ch_transition_verbal,transition,phala_anchors,"{""anchor_id"": ""bdf24533-7279-45b6-a26e-31ed7afedd28""}",t,2026-08-13 01:16:29.658705+00
482012f1-710e-4a25-994a-93821f5871aa,pred_c0c2324a-6715-44da-bbf6-91b1bcff29bb,ch_transition_verbal,transition,phala_anchors,"{""anchor_id"": ""c0c2324a-6715-44da-bbf6-91b1bcff29bb""}",t,2026-08-13 01:16:29.658705+00
482012f1-710e-4a25-994a-93821f5871aa,pred_c0fa3e1e-68e5-4987-9cf3-cfd899040a4a,ch_relationship_verbal,relationship,phala_anchors,"{""anchor_id"": ""c0fa3e1e-68e5-4987-9cf3-cfd899040a4a""}",t,2026-08-13 01:16:29.658705+00
482012f1-710e-4a25-994a-93821f5871aa,pred_c2f46367-4b10-4cbb-9ddb-081c67892834,ch_transition_verbal,transition,phala_anchors,"{""anchor_id"": ""c2f46367-4b10-4cbb-9ddb-081c67892834""}",t,2026-08-13 01:16:29.658705+00
482012f1-710e-4a25-994a-93821f5871aa,pred_c7c60f9c-d94e-4bd8-a884-6deeed79b8ec,ch_relationship_verbal,relationship,phala_anchors,"{""anchor_id"": ""c7c60f9c-d94e-4bd8-a884-6deeed79b8ec""}",t,2026-08-13 01:16:29.658705+00
482012f1-710e-4a25-994a-93821f5871aa,pred_c820c5c6-a272-442d-bc0a-288d16a97539,ch_transition_verbal,transition,phala_anchors,"{""anchor_id"": ""c820c5c6-a272-442d-bc0a-288d16a97539""}",t,2026-08-13 01:16:29.658705+00
482012f1-710e-4a25-994a-93821f5871aa,pred_c8bd0f42-fb62-4365-b480-49125f3d42aa,ch_career_verbal,career,phala_anchors,"{""anchor_id"": ""c8bd0f42-fb62-4365-b480-49125f3d42aa""}",t,2026-08-13 01:16:29.658705+00
482012f1-710e-4a25-994a-93821f5871aa,pred_c988abfd-53a1-4529-81d1-4f5bd0c6dd3f,ch_career_verbal,career,phala_anchors,"{""anchor_id"": ""c988abfd-53a1-4529-81d1-4f5bd0c6dd3f""}",t,2026-08-13 01:16:29.658705+00
482012f1-710e-4a25-994a-93821f5871aa,pred_cd042cea-67ae-4531-bbe2-9be7b02c5418,ch_character_verbal,character,phala_anchors,"{""anchor_id"": ""cd042cea-67ae-4531-bbe2-9be7b02c5418""}",t,2026-08-13 01:16:29.658705+00
482012f1-710e-4a25-994a-93821f5871aa,pred_cd6c4ec9-778e-47c9-93a6-7e6c14ed1cfc,ch_transition_verbal,transition,phala_anchors,"{""anchor_id"": ""cd6c4ec9-778e-47c9-93a6-7e6c14ed1cfc""}",t,2026-08-13 01:16:29.658705+00
482012f1-710e-4a25-994a-93821f5871aa,pred_cf9a25d0-5ef6-45d2-8f18-bbe72d64d1e7,ch_relationship_verbal,relationship,phala_anchors,"{""anchor_id"": ""cf9a25d0-5ef6-45d2-8f18-bbe72d64d1e7""}",t,2026-08-13 01:16:29.658705+00
482012f1-710e-4a25-994a-93821f5871aa,pred_d1d57b03-4640-490c-92f1-b62d17111f01,ch_wealth_verbal,wealth,phala_anchors,"{""anchor_id"": ""d1d57b03-4640-490c-92f1-b62d17111f01""}",t,2026-08-13 01:16:29.658705+00
482012f1-710e-4a25-994a-93821f5871aa,pred_d35e9b75-301e-4aff-a936-c0855692cfc7,ch_career_verbal,career,phala_anchors,"{""anchor_id"": ""d35e9b75-301e-4aff-a936-c0855692cfc7""}",t,2026-08-13 01:16:29.658705+00
482012f1-710e-4a25-994a-93821f5871aa,pred_d91f6db5-b6b0-45d9-86db-ccada7c22c24,ch_spirituality_verbal,spirituality,phala_anchors,"{""anchor_id"": ""d91f6db5-b6b0-45d9-86db-ccada7c22c24""}",t,2026-08-13 01:16:29.658705+00
482012f1-710e-4a25-994a-93821f5871aa,pred_e19177a1-c1d0-49c7-9bdc-513a32b0d100,ch_transition_verbal,transition,phala_anchors,"{""anchor_id"": ""e19177a1-c1d0-49c7-9bdc-513a32b0d100""}",t,2026-08-13 01:16:29.658705+00
482012f1-710e-4a25-994a-93821f5871aa,pred_e4127b44-d362-4e5b-95df-6f0442fed03f,ch_wealth_verbal,wealth,phala_anchors,"{""anchor_id"": ""e4127b44-d362-4e5b-95df-6f0442fed03f""}",t,2026-08-13 01:16:29.658705+00
482012f1-710e-4a25-994a-93821f5871aa,pred_e6255559-d4ed-43e1-a4de-af55a4113de8,ch_health_verbal,health,phala_anchors,"{""anchor_id"": ""e6255559-d4ed-43e1-a4de-af55a4113de8""}",t,2026-08-13 01:16:29.658705+00
482012f1-710e-4a25-994a-93821f5871aa,pred_e6eb3853-c21b-4e9b-8896-e15224f6c34f,ch_wealth_verbal,wealth,phala_anchors,"{""anchor_id"": ""e6eb3853-c21b-4e9b-8896-e15224f6c34f""}",t,2026-08-13 01:16:29.658705+00
482012f1-710e-4a25-994a-93821f5871aa,pred_e92119d7-9e00-47e1-ba43-b3ce2081de1b,ch_wealth_verbal,wealth,phala_anchors,"{""anchor_id"": ""e92119d7-9e00-47e1-ba43-b3ce2081de1b""}",t,2026-08-13 01:16:29.658705+00
482012f1-710e-4a25-994a-93821f5871aa,pred_e9e0130b-cf28-42fc-9ace-5ae9fb08ba15,ch_character_verbal,character,phala_anchors,"{""anchor_id"": ""e9e0130b-cf28-42fc-9ace-5ae9fb08ba15""}",t,2026-08-13 01:16:29.658705+00
482012f1-710e-4a25-994a-93821f5871aa,pred_eba70a96-8783-460c-a229-1805c4f4058c,ch_wealth_verbal,wealth,phala_anchors,"{""anchor_id"": ""eba70a96-8783-460c-a229-1805c4f4058c""}",t,2026-08-13 01:16:29.658705+00
482012f1-710e-4a25-994a-93821f5871aa,pred_ee06cf79-b552-4191-a1c1-31b3b72c79f6,ch_wealth_verbal,wealth,phala_anchors,"{""anchor_id"": ""ee06cf79-b552-4191-a1c1-31b3b72c79f6""}",t,2026-08-13 01:16:29.658705+00
482012f1-710e-4a25-994a-93821f5871aa,pred_f0b8c354-bffd-4e2e-a42a-3d59d8cc669e,ch_relationship_verbal,relationship,phala_anchors,"{""anchor_id"": ""f0b8c354-bffd-4e2e-a42a-3d59d8cc669e""}",t,2026-08-13 01:16:29.658705+00
482012f1-710e-4a25-994a-93821f5871aa,pred_f0c80dd3-075c-4701-9ee2-7d56c9019191,ch_wealth_verbal,wealth,phala_anchors,"{""anchor_id"": ""f0c80dd3-075c-4701-9ee2-7d56c9019191""}",t,2026-08-13 01:16:29.658705+00
482012f1-710e-4a25-994a-93821f5871aa,pred_f3a9d04e-a877-426f-ba4b-aed43e2c9822,ch_relationship_verbal,relationship,phala_anchors,"{""anchor_id"": ""f3a9d04e-a877-426f-ba4b-aed43e2c9822""}",t,2026-08-13 01:16:29.658705+00
482012f1-710e-4a25-994a-93821f5871aa,pred_f43ba6be-5c26-4753-be30-dab9403c1707,ch_transition_verbal,transition,phala_anchors,"{""anchor_id"": ""f43ba6be-5c26-4753-be30-dab9403c1707""}",t,2026-08-13 01:16:29.658705+00
482012f1-710e-4a25-994a-93821f5871aa,pred_f627473e-dfc0-49ac-8cc0-2481271b2ca7,ch_wealth_verbal,wealth,phala_anchors,"{""anchor_id"": ""f627473e-dfc0-49ac-8cc0-2481271b2ca7""}",t,2026-08-13 01:16:29.658705+00
482012f1-710e-4a25-994a-93821f5871aa,pred_f6a0f47e-fac5-4c98-ba7d-605b3329e820,ch_career_verbal,career,phala_anchors,"{""anchor_id"": ""f6a0f47e-fac5-4c98-ba7d-605b3329e820""}",t,2026-08-13 01:16:29.658705+00
482012f1-710e-4a25-994a-93821f5871aa,pred_f835ef27-5e8b-4fda-80c0-7c014f226cd9,ch_transition_verbal,transition,phala_anchors,"{""anchor_id"": ""f835ef27-5e8b-4fda-80c0-7c014f226cd9""}",t,2026-08-13 01:16:29.658705+00
482012f1-710e-4a25-994a-93821f5871aa,pred_faba67c3-67cc-4891-b22e-30329538ca9b,ch_career_verbal,career,phala_anchors,"{""anchor_id"": ""faba67c3-67cc-4891-b22e-30329538ca9b""}",t,2026-08-13 01:16:29.658705+00
482012f1-710e-4a25-994a-93821f5871aa,pred_fe63e3b4-1e56-4578-ae9b-5302454e19c6,ch_relationship_verbal,relationship,phala_anchors,"{""anchor_id"": ""fe63e3b4-1e56-4578-ae9b-5302454e19c6""}",t,2026-08-13 01:16:29.658705+00
