chart_id,origin_layer,origin_asset_id,origin_id,weight_id,multiplier,raw_multiplier,applied_bound,evidence_n,leakage_status,applies_to_reading,derived_from_pramana_ids,overlay_formula_version,created_at
482012f1-710e-4a25-994a-93821f5871aa,L3,ka_sangam,515885,LL1:fam_convergence,1.2,1.2,1.2,0,not_assessed,t,[],mi_adhilepa_v1.0,2026-08-13 01:16:30.857989+00
482012f1-710e-4a25-994a-93821f5871aa,L3,ka_sangam,515886,LL1:fam_convergence,1.2,1.2,1.2,0,not_assessed,t,[],mi_adhilepa_v1.0,2026-08-13 01:16:30.857989+00
482012f1-710e-4a25-994a-93821f5871aa,L3,ka_sangam,515887,LL1:fam_convergence,1.2,1.2,1.2,0,not_assessed,t,[],mi_adhilepa_v1.0,2026-08-13 01:16:30.857989+00
482012f1-710e-4a25-994a-93821f5871aa,L3,ka_sangam,515888,LL1:fam_convergence,1.2,1.2,1.2,0,not_assessed,t,[],mi_adhilepa_v1.0,2026-08-13 01:16:30.857989+00
482012f1-710e-4a25-994a-93821f5871aa,L3,ka_sangam,515889,LL1:fam_convergence,1.2,1.2,1.2,0,not_assessed,t,[],mi_adhilepa_v1.0,2026-08-13 01:16:30.857989+00
482012f1-710e-4a25-994a-93821f5871aa,L3,ka_sangam,515890,LL1:fam_convergence,1.2,1.2,1.2,0,not_assessed,t,[],mi_adhilepa_v1.0,2026-08-13 01:16:30.857989+00
482012f1-710e-4a25-994a-93821f5871aa,L3,ka_sangam,515891,LL1:fam_convergence,1.2,1.2,1.2,0,not_assessed,t,[],mi_adhilepa_v1.0,2026-08-13 01:16:30.857989+00
482012f1-710e-4a25-994a-93821f5871aa,L3,ka_sangam,515892,LL1:fam_convergence,1.2,1.2,1.2,0,not_assessed,t,[],mi_adhilepa_v1.0,2026-08-13 01:16:30.857989+00
482012f1-710e-4a25-994a-93821f5871aa,L3,ka_sangam,515893,LL1:fam_convergence,1.2,1.2,1.2,0,not_assessed,t,[],mi_adhilepa_v1.0,2026-08-13 01:16:30.857989+00
482012f1-710e-4a25-994a-93821f5871aa,L3,ka_sangam,515894,LL1:fam_convergence,1.2,1.2,1.2,0,not_assessed,t,[],mi_adhilepa_v1.0,2026-08-13 01:16:30.857989+00
482012f1-710e-4a25-994a-93821f5871aa,L3,ka_sangam,515895,LL1:fam_convergence,1.2,1.2,1.2,0,not_assessed,t,[],mi_adhilepa_v1.0,2026-08-13 01:16:30.857989+00
482012f1-710e-4a25-994a-93821f5871aa,L3,ka_sangam,515896,LL1:fam_convergence,1.2,1.2,1.2,0,not_assessed,t,[],mi_adhilepa_v1.0,2026-08-13 01:16:30.857989+00
482012f1-710e-4a25-994a-93821f5871aa,L3,ka_sangam,515897,LL1:fam_convergence,1.2,1.2,1.2,0,not_assessed,t,[],mi_adhilepa_v1.0,2026-08-13 01:16:30.857989+00
482012f1-710e-4a25-994a-93821f5871aa,L3,ka_sangam,515898,LL1:fam_convergence,1.2,1.2,1.2,0,not_assessed,t,[],mi_adhilepa_v1.0,2026-08-13 01:16:30.857989+00
482012f1-710e-4a25-994a-93821f5871aa,L3,ka_sangam,515899,LL1:fam_convergence,1.2,1.2,1.2,0,not_assessed,t,[],mi_adhilepa_v1.0,2026-08-13 01:16:30.857989+00
482012f1-710e-4a25-994a-93821f5871aa,L3,ka_sangam,515900,LL1:fam_convergence,1.2,1.2,1.2,0,not_assessed,t,[],mi_adhilepa_v1.0,2026-08-13 01:16:30.857989+00
482012f1-710e-4a25-994a-93821f5871aa,L3,ka_sangam,515901,LL1:fam_convergence,1.2,1.2,1.2,0,not_assessed,t,[],mi_adhilepa_v1.0,2026-08-13 01:16:30.857989+00
482012f1-710e-4a25-994a-93821f5871aa,L3,ka_sangam,515902,LL1:fam_convergence,1.2,1.2,1.2,0,not_assessed,t,[],mi_adhilepa_v1.0,2026-08-13 01:16:30.857989+00
482012f1-710e-4a25-994a-93821f5871aa,L3,ka_sangam,515903,LL1:fam_convergence,1.2,1.2,1.2,0,not_assessed,t,[],mi_adhilepa_v1.0,2026-08-13 01:16:30.857989+00
482012f1-710e-4a25-994a-93821f5871aa,L3,ka_sangam,515904,LL1:fam_convergence,1.2,1.2,1.2,0,not_assessed,t,[],mi_adhilepa_v1.0,2026-08-13 01:16:30.857989+00
482012f1-710e-4a25-994a-93821f5871aa,L3,ka_sangam,515905,LL1:fam_convergence,1.2,1.2,1.2,0,not_assessed,t,[],mi_adhilepa_v1.0,2026-08-13 01:16:30.857989+00
482012f1-710e-4a25-994a-93821f5871aa,L3,ka_sangam,515906,LL1:fam_convergence,1.2,1.2,1.2,0,not_assessed,t,[],mi_adhilepa_v1.0,2026-08-13 01:16:30.857989+00
482012f1-710e-4a25-994a-93821f5871aa,L3,ka_sangam,515907,LL1:fam_convergence,1.2,1.2,1.2,0,not_assessed,t,[],mi_adhilepa_v1.0,2026-08-13 01:16:30.857989+00
482012f1-710e-4a25-994a-93821f5871aa,L3,ka_sangam,515908,LL1:fam_convergence,1.2,1.2,1.2,0,not_assessed,t,[],mi_adhilepa_v1.0,2026-08-13 01:16:30.857989+00
482012f1-710e-4a25-994a-93821f5871aa,L3,ka_sangam,515909,LL1:fam_convergence,1.2,1.2,1.2,0,not_assessed,t,[],mi_adhilepa_v1.0,2026-08-13 01:16:30.857989+00
482012f1-710e-4a25-994a-93821f5871aa,L3,ka_sangam,515910,LL1:fam_convergence,1.2,1.2,1.2,0,not_assessed,t,[],mi_adhilepa_v1.0,2026-08-13 01:16:30.857989+00
482012f1-710e-4a25-994a-93821f5871aa,L3,ka_sangam,515911,LL1:fam_convergence,1.2,1.2,1.2,0,not_assessed,t,[],mi_adhilepa_v1.0,2026-08-13 01:16:30.857989+00
482012f1-710e-4a25-994a-93821f5871aa,L3,ka_sangam,515912,LL1:fam_convergence,1.2,1.2,1.2,0,not_assessed,t,[],mi_adhilepa_v1.0,2026-08-13 01:16:30.857989+00
482012f1-710e-4a25-994a-93821f5871aa,L3,ka_sangam,515913,LL1:fam_convergence,1.2,1.2,1.2,0,not_assessed,t,[],mi_adhilepa_v1.0,2026-08-13 01:16:30.857989+00
482012f1-710e-4a25-994a-93821f5871aa,L3,ka_sangam,515914,LL1:fam_convergence,1.2,1.2,1.2,0,not_assessed,t,[],mi_adhilepa_v1.0,2026-08-13 01:16:30.857989+00
482012f1-710e-4a25-994a-93821f5871aa,L3,ka_sangam,515915,LL1:fam_convergence,1.2,1.2,1.2,0,not_assessed,t,[],mi_adhilepa_v1.0,2026-08-13 01:16:30.857989+00
482012f1-710e-4a25-994a-93821f5871aa,L3,ka_sangam,515916,LL1:fam_convergence,1.2,1.2,1.2,0,not_assessed,t,[],mi_adhilepa_v1.0,2026-08-13 01:16:30.857989+00
482012f1-710e-4a25-994a-93821f5871aa,L3,ka_sangam,515917,LL1:fam_convergence,1.2,1.2,1.2,0,not_assessed,t,[],mi_adhilepa_v1.0,2026-08-13 01:16:30.857989+00
482012f1-710e-4a25-994a-93821f5871aa,L3,ka_sangam,515918,LL1:fam_convergence,1.2,1.2,1.2,0,not_assessed,t,[],mi_adhilepa_v1.0,2026-08-13 01:16:30.857989+00
482012f1-710e-4a25-994a-93821f5871aa,L3,ka_sangam,515919,LL1:fam_convergence,1.2,1.2,1.2,0,not_assessed,t,[],mi_adhilepa_v1.0,2026-08-13 01:16:30.857989+00
482012f1-710e-4a25-994a-93821f5871aa,L3,ka_sangam,515920,LL1:fam_convergence,1.2,1.2,1.2,0,not_assessed,t,[],mi_adhilepa_v1.0,2026-08-13 01:16:30.857989+00
482012f1-710e-4a25-994a-93821f5871aa,L3,ka_sangam,515921,LL1:fam_convergence,1.2,1.2,1.2,0,not_assessed,t,[],mi_adhilepa_v1.0,2026-08-13 01:16:30.857989+00
482012f1-710e-4a25-994a-93821f5871aa,L3,ka_sangam,515922,LL1:fam_convergence,1.2,1.2,1.2,0,not_assessed,t,[],mi_adhilepa_v1.0,2026-08-13 01:16:30.857989+00
482012f1-710e-4a25-994a-93821f5871aa,L3,ka_sangam,515923,LL1:fam_convergence,1.2,1.2,1.2,0,not_assessed,t,[],mi_adhilepa_v1.0,2026-08-13 01:16:30.857989+00
482012f1-710e-4a25-994a-93821f5871aa,L3,ka_sangam,515924,LL1:fam_convergence,1.2,1.2,1.2,0,not_assessed,t,[],mi_adhilepa_v1.0,2026-08-13 01:16:30.857989+00
482012f1-710e-4a25-994a-93821f5871aa,L3,ka_sangam,515925,LL1:fam_convergence,1.2,1.2,1.2,0,not_assessed,t,[],mi_adhilepa_v1.0,2026-08-13 01:16:30.857989+00
482012f1-710e-4a25-994a-93821f5871aa,L3,ka_sangam,515926,LL1:fam_convergence,1.2,1.2,1.2,0,not_assessed,t,[],mi_adhilepa_v1.0,2026-08-13 01:16:30.857989+00
482012f1-710e-4a25-994a-93821f5871aa,L3,ka_sangam,515927,LL1:fam_convergence,1.2,1.2,1.2,0,not_assessed,t,[],mi_adhilepa_v1.0,2026-08-13 01:16:30.857989+00
482012f1-710e-4a25-994a-93821f5871aa,L3,ka_sangam,515928,LL1:fam_convergence,1.2,1.2,1.2,0,not_assessed,t,[],mi_adhilepa_v1.0,2026-08-13 01:16:30.857989+00
482012f1-710e-4a25-994a-93821f5871aa,L3,ka_sangam,515929,LL1:fam_convergence,1.2,1.2,1.2,0,not_assessed,t,[],mi_adhilepa_v1.0,2026-08-13 01:16:30.857989+00
482012f1-710e-4a25-994a-93821f5871aa,L3,ka_sangam,515930,LL1:fam_convergence,1.2,1.2,1.2,0,not_assessed,t,[],mi_adhilepa_v1.0,2026-08-13 01:16:30.857989+00
482012f1-710e-4a25-994a-93821f5871aa,L3,ka_sangam,515931,LL1:fam_convergence,1.2,1.2,1.2,0,not_assessed,t,[],mi_adhilepa_v1.0,2026-08-13 01:16:30.857989+00
482012f1-710e-4a25-994a-93821f5871aa,L3,ka_sangam,515932,LL1:fam_convergence,1.2,1.2,1.2,0,not_assessed,t,[],mi_adhilepa_v1.0,2026-08-13 01:16:30.857989+00
482012f1-710e-4a25-994a-93821f5871aa,L3,ka_sangam,515933,LL1:fam_convergence,1.2,1.2,1.2,0,not_assessed,t,[],mi_adhilepa_v1.0,2026-08-13 01:16:30.857989+00
482012f1-710e-4a25-994a-93821f5871aa,L3,ka_sangam,515934,LL1:fam_convergence,1.2,1.2,1.2,0,not_assessed,t,[],mi_adhilepa_v1.0,2026-08-13 01:16:30.857989+00
482012f1-710e-4a25-994a-93821f5871aa,L3,ka_sangam,515935,LL1:fam_convergence,1.2,1.2,1.2,0,not_assessed,t,[],mi_adhilepa_v1.0,2026-08-13 01:16:30.857989+00
482012f1-710e-4a25-994a-93821f5871aa,L3,ka_sangam,515936,LL1:fam_convergence,1.2,1.2,1.2,0,not_assessed,t,[],mi_adhilepa_v1.0,2026-08-13 01:16:30.857989+00
482012f1-710e-4a25-994a-93821f5871aa,L3,ka_sangam,515937,LL1:fam_convergence,1.2,1.2,1.2,0,not_assessed,t,[],mi_adhilepa_v1.0,2026-08-13 01:16:30.857989+00
482012f1-710e-4a25-994a-93821f5871aa,L3,ka_sangam,515938,LL1:fam_convergence,1.2,1.2,1.2,0,not_assessed,t,[],mi_adhilepa_v1.0,2026-08-13 01:16:30.857989+00
482012f1-710e-4a25-994a-93821f5871aa,L3,ka_sangam,515939,LL1:fam_convergence,1.2,1.2,1.2,0,not_assessed,t,[],mi_adhilepa_v1.0,2026-08-13 01:16:30.857989+00
482012f1-710e-4a25-994a-93821f5871aa,L3,ka_sangam,515940,LL1:fam_convergence,1.2,1.2,1.2,0,not_assessed,t,[],mi_adhilepa_v1.0,2026-08-13 01:16:30.857989+00
482012f1-710e-4a25-994a-93821f5871aa,L3,ka_sangam,515941,LL1:fam_convergence,1.2,1.2,1.2,0,not_assessed,t,[],mi_adhilepa_v1.0,2026-08-13 01:16:30.857989+00
482012f1-710e-4a25-994a-93821f5871aa,L3,ka_sangam,515942,LL1:fam_convergence,1.2,1.2,1.2,0,not_assessed,t,[],mi_adhilepa_v1.0,2026-08-13 01:16:30.857989+00
482012f1-710e-4a25-994a-93821f5871aa,L3,ka_sangam,515943,LL1:fam_convergence,1.2,1.2,1.2,0,not_assessed,t,[],mi_adhilepa_v1.0,2026-08-13 01:16:30.857989+00
482012f1-710e-4a25-994a-93821f5871aa,L3,ka_sangam,515944,LL1:fam_convergence,1.2,1.2,1.2,0,not_assessed,t,[],mi_adhilepa_v1.0,2026-08-13 01:16:30.857989+00
482012f1-710e-4a25-994a-93821f5871aa,L3,ka_sangam,515945,LL1:fam_convergence,1.2,1.2,1.2,0,not_assessed,t,[],mi_adhilepa_v1.0,2026-08-13 01:16:30.857989+00
482012f1-710e-4a25-994a-93821f5871aa,L3,ka_sangam,515946,LL1:fam_convergence,1.2,1.2,1.2,0,not_assessed,t,[],mi_adhilepa_v1.0,2026-08-13 01:16:30.857989+00
482012f1-710e-4a25-994a-93821f5871aa,L3,ka_sangam,515947,LL1:fam_convergence,1.2,1.2,1.2,0,not_assessed,t,[],mi_adhilepa_v1.0,2026-08-13 01:16:30.857989+00
482012f1-710e-4a25-994a-93821f5871aa,L3,ka_sangam,515948,LL1:fam_convergence,1.2,1.2,1.2,0,not_assessed,t,[],mi_adhilepa_v1.0,2026-08-13 01:16:30.857989+00
482012f1-710e-4a25-994a-93821f5871aa,L3,ka_sangam,515949,LL1:fam_convergence,1.2,1.2,1.2,0,not_assessed,t,[],mi_adhilepa_v1.0,2026-08-13 01:16:30.857989+00
482012f1-710e-4a25-994a-93821f5871aa,L3,ka_sangam,515950,LL1:fam_convergence,1.2,1.2,1.2,0,not_assessed,t,[],mi_adhilepa_v1.0,2026-08-13 01:16:30.857989+00
482012f1-710e-4a25-994a-93821f5871aa,L3,ka_sangam,515951,LL1:fam_convergence,1.2,1.2,1.2,0,not_assessed,t,[],mi_adhilepa_v1.0,2026-08-13 01:16:30.857989+00
482012f1-710e-4a25-994a-93821f5871aa,L3,ka_sangam,515952,LL1:fam_convergence,1.2,1.2,1.2,0,not_assessed,t,[],mi_adhilepa_v1.0,2026-08-13 01:16:30.857989+00
482012f1-710e-4a25-994a-93821f5871aa,L3,ka_sangam,515953,LL1:fam_convergence,1.2,1.2,1.2,0,not_assessed,t,[],mi_adhilepa_v1.0,2026-08-13 01:16:30.857989+00
482012f1-710e-4a25-994a-93821f5871aa,L3,ka_sangam,515954,LL1:fam_convergence,1.2,1.2,1.2,0,not_assessed,t,[],mi_adhilepa_v1.0,2026-08-13 01:16:30.857989+00
482012f1-710e-4a25-994a-93821f5871aa,L3,ka_sangam,515955,LL1:fam_convergence,1.2,1.2,1.2,0,not_assessed,t,[],mi_adhilepa_v1.0,2026-08-13 01:16:30.857989+00
482012f1-710e-4a25-994a-93821f5871aa,L3,ka_sangam,515956,LL1:fam_convergence,1.2,1.2,1.2,0,not_assessed,t,[],mi_adhilepa_v1.0,2026-08-13 01:16:30.857989+00
482012f1-710e-4a25-994a-93821f5871aa,L3,ka_sangam,515957,LL1:fam_convergence,1.2,1.2,1.2,0,not_assessed,t,[],mi_adhilepa_v1.0,2026-08-13 01:16:30.857989+00
482012f1-710e-4a25-994a-93821f5871aa,L3,ka_sangam,515958,LL1:fam_convergence,1.2,1.2,1.2,0,not_assessed,t,[],mi_adhilepa_v1.0,2026-08-13 01:16:30.857989+00
482012f1-710e-4a25-994a-93821f5871aa,L3,ka_sangam,515959,LL1:fam_convergence,1.2,1.2,1.2,0,not_assessed,t,[],mi_adhilepa_v1.0,2026-08-13 01:16:30.857989+00
482012f1-710e-4a25-994a-93821f5871aa,L3,ka_sangam,515960,LL1:fam_convergence,1.2,1.2,1.2,0,not_assessed,t,[],mi_adhilepa_v1.0,2026-08-13 01:16:30.857989+00
482012f1-710e-4a25-994a-93821f5871aa,L3,ka_sangam,515961,LL1:fam_convergence,1.2,1.2,1.2,0,not_assessed,t,[],mi_adhilepa_v1.0,2026-08-13 01:16:30.857989+00
482012f1-710e-4a25-994a-93821f5871aa,L3,ka_sangam,515962,LL1:fam_convergence,1.2,1.2,1.2,0,not_assessed,t,[],mi_adhilepa_v1.0,2026-08-13 01:16:30.857989+00
482012f1-710e-4a25-994a-93821f5871aa,L3,ka_sangam,515963,LL1:fam_convergence,1.2,1.2,1.2,0,not_assessed,t,[],mi_adhilepa_v1.0,2026-08-13 01:16:30.857989+00
482012f1-710e-4a25-994a-93821f5871aa,L3,ka_sangam,515964,LL1:fam_convergence,1.2,1.2,1.2,0,not_assessed,t,[],mi_adhilepa_v1.0,2026-08-13 01:16:30.857989+00
482012f1-710e-4a25-994a-93821f5871aa,L3,ka_sangam,515965,LL1:fam_convergence,1.2,1.2,1.2,0,not_assessed,t,[],mi_adhilepa_v1.0,2026-08-13 01:16:30.857989+00
482012f1-710e-4a25-994a-93821f5871aa,L3,ka_sangam,515966,LL1:fam_convergence,1.2,1.2,1.2,0,not_assessed,t,[],mi_adhilepa_v1.0,2026-08-13 01:16:30.857989+00
482012f1-710e-4a25-994a-93821f5871aa,L3,ka_sangam,515967,LL1:fam_convergence,1.2,1.2,1.2,0,not_assessed,t,[],mi_adhilepa_v1.0,2026-08-13 01:16:30.857989+00
482012f1-710e-4a25-994a-93821f5871aa,L3,ka_sangam,515968,LL1:fam_convergence,1.2,1.2,1.2,0,not_assessed,t,[],mi_adhilepa_v1.0,2026-08-13 01:16:30.857989+00
482012f1-710e-4a25-994a-93821f5871aa,L3,ka_sangam,515969,LL1:fam_convergence,1.2,1.2,1.2,0,not_assessed,t,[],mi_adhilepa_v1.0,2026-08-13 01:16:30.857989+00
482012f1-710e-4a25-994a-93821f5871aa,L3,ka_sangam,515970,LL1:fam_convergence,1.2,1.2,1.2,0,not_assessed,t,[],mi_adhilepa_v1.0,2026-08-13 01:16:30.857989+00
482012f1-710e-4a25-994a-93821f5871aa,L3,ka_sangam,515971,LL1:fam_convergence,1.2,1.2,1.2,0,not_assessed,t,[],mi_adhilepa_v1.0,2026-08-13 01:16:30.857989+00
482012f1-710e-4a25-994a-93821f5871aa,L3,ka_sangam,515972,LL1:fam_convergence,1.2,1.2,1.2,0,not_assessed,t,[],mi_adhilepa_v1.0,2026-08-13 01:16:30.857989+00
482012f1-710e-4a25-994a-93821f5871aa,L3,ka_sangam,515973,LL1:fam_convergence,1.2,1.2,1.2,0,not_assessed,t,[],mi_adhilepa_v1.0,2026-08-13 01:16:30.857989+00
482012f1-710e-4a25-994a-93821f5871aa,L3,ka_sangam,515974,LL1:fam_convergence,1.2,1.2,1.2,0,not_assessed,t,[],mi_adhilepa_v1.0,2026-08-13 01:16:30.857989+00
482012f1-710e-4a25-994a-93821f5871aa,L3,ka_sangam,515975,LL1:fam_convergence,1.2,1.2,1.2,0,not_assessed,t,[],mi_adhilepa_v1.0,2026-08-13 01:16:30.857989+00
482012f1-710e-4a25-994a-93821f5871aa,L3,ka_sangam,515976,LL1:fam_convergence,1.2,1.2,1.2,0,not_assessed,t,[],mi_adhilepa_v1.0,2026-08-13 01:16:30.857989+00
482012f1-710e-4a25-994a-93821f5871aa,L3,ka_sangam,515977,LL1:fam_convergence,1.2,1.2,1.2,0,not_assessed,t,[],mi_adhilepa_v1.0,2026-08-13 01:16:30.857989+00
482012f1-710e-4a25-994a-93821f5871aa,L3,ka_sangam,515978,LL1:fam_convergence,1.2,1.2,1.2,0,not_assessed,t,[],mi_adhilepa_v1.0,2026-08-13 01:16:30.857989+00
482012f1-710e-4a25-994a-93821f5871aa,L3,ka_sangam,515979,LL1:fam_convergence,1.2,1.2,1.2,0,not_assessed,t,[],mi_adhilepa_v1.0,2026-08-13 01:16:30.857989+00
482012f1-710e-4a25-994a-93821f5871aa,L3,ka_sangam,515980,LL1:fam_convergence,1.2,1.2,1.2,0,not_assessed,t,[],mi_adhilepa_v1.0,2026-08-13 01:16:30.857989+00
482012f1-710e-4a25-994a-93821f5871aa,L3,ka_sangam,515981,LL1:fam_convergence,1.2,1.2,1.2,0,not_assessed,t,[],mi_adhilepa_v1.0,2026-08-13 01:16:30.857989+00
482012f1-710e-4a25-994a-93821f5871aa,L3,ka_sangam,515982,LL1:fam_convergence,1.2,1.2,1.2,0,not_assessed,t,[],mi_adhilepa_v1.0,2026-08-13 01:16:30.857989+00
482012f1-710e-4a25-994a-93821f5871aa,L3,ka_sangam,515983,LL1:fam_convergence,1.2,1.2,1.2,0,not_assessed,t,[],mi_adhilepa_v1.0,2026-08-13 01:16:30.857989+00
482012f1-710e-4a25-994a-93821f5871aa,L3,ka_sangam,515984,LL1:fam_convergence,1.2,1.2,1.2,0,not_assessed,t,[],mi_adhilepa_v1.0,2026-08-13 01:16:30.857989+00
482012f1-710e-4a25-994a-93821f5871aa,L3,ka_sangam,515985,LL1:fam_convergence,1.2,1.2,1.2,0,not_assessed,t,[],mi_adhilepa_v1.0,2026-08-13 01:16:30.857989+00
482012f1-710e-4a25-994a-93821f5871aa,L3,ka_sangam,515986,LL1:fam_convergence,1.2,1.2,1.2,0,not_assessed,t,[],mi_adhilepa_v1.0,2026-08-13 01:16:30.857989+00
482012f1-710e-4a25-994a-93821f5871aa,L3,ka_sangam,515987,LL1:fam_convergence,1.2,1.2,1.2,0,not_assessed,t,[],mi_adhilepa_v1.0,2026-08-13 01:16:30.857989+00
482012f1-710e-4a25-994a-93821f5871aa,L3,ka_sangam,515988,LL1:fam_convergence,1.2,1.2,1.2,0,not_assessed,t,[],mi_adhilepa_v1.0,2026-08-13 01:16:30.857989+00
482012f1-710e-4a25-994a-93821f5871aa,L3,ka_sangam,515989,LL1:fam_convergence,1.2,1.2,1.2,0,not_assessed,t,[],mi_adhilepa_v1.0,2026-08-13 01:16:30.857989+00
482012f1-710e-4a25-994a-93821f5871aa,L3,ka_sangam,515990,LL1:fam_convergence,1.2,1.2,1.2,0,not_assessed,t,[],mi_adhilepa_v1.0,2026-08-13 01:16:30.857989+00
482012f1-710e-4a25-994a-93821f5871aa,L3,ka_sangam,515991,LL1:fam_convergence,1.2,1.2,1.2,0,not_assessed,t,[],mi_adhilepa_v1.0,2026-08-13 01:16:30.857989+00
482012f1-710e-4a25-994a-93821f5871aa,L3,ka_sangam,515992,LL1:fam_convergence,1.2,1.2,1.2,0,not_assessed,t,[],mi_adhilepa_v1.0,2026-08-13 01:16:30.857989+00
482012f1-710e-4a25-994a-93821f5871aa,L3,ka_sangam,515993,LL1:fam_convergence,1.2,1.2,1.2,0,not_assessed,t,[],mi_adhilepa_v1.0,2026-08-13 01:16:30.857989+00
482012f1-710e-4a25-994a-93821f5871aa,L3,ka_sangam,515994,LL1:fam_convergence,1.2,1.2,1.2,0,not_assessed,t,[],mi_adhilepa_v1.0,2026-08-13 01:16:30.857989+00
482012f1-710e-4a25-994a-93821f5871aa,L3,ka_sangam,515995,LL1:fam_convergence,1.2,1.2,1.2,0,not_assessed,t,[],mi_adhilepa_v1.0,2026-08-13 01:16:30.857989+00
482012f1-710e-4a25-994a-93821f5871aa,L3,ka_sangam,515996,LL1:fam_convergence,1.2,1.2,1.2,0,not_assessed,t,[],mi_adhilepa_v1.0,2026-08-13 01:16:30.857989+00
482012f1-710e-4a25-994a-93821f5871aa,L3,ka_sangam,515997,LL1:fam_convergence,1.2,1.2,1.2,0,not_assessed,t,[],mi_adhilepa_v1.0,2026-08-13 01:16:30.857989+00
482012f1-710e-4a25-994a-93821f5871aa,L3,ka_sangam,515998,LL1:fam_convergence,1.2,1.2,1.2,0,not_assessed,t,[],mi_adhilepa_v1.0,2026-08-13 01:16:30.857989+00
482012f1-710e-4a25-994a-93821f5871aa,L3,ka_sangam,515999,LL1:fam_convergence,1.2,1.2,1.2,0,not_assessed,t,[],mi_adhilepa_v1.0,2026-08-13 01:16:30.857989+00
482012f1-710e-4a25-994a-93821f5871aa,L3,ka_sangam,516000,LL1:fam_convergence,1.2,1.2,1.2,0,not_assessed,t,[],mi_adhilepa_v1.0,2026-08-13 01:16:30.857989+00
482012f1-710e-4a25-994a-93821f5871aa,L3,ka_sangam,516001,LL1:fam_convergence,1.2,1.2,1.2,0,not_assessed,t,[],mi_adhilepa_v1.0,2026-08-13 01:16:30.857989+00
482012f1-710e-4a25-994a-93821f5871aa,L3,ka_sangam,516002,LL1:fam_convergence,1.2,1.2,1.2,0,not_assessed,t,[],mi_adhilepa_v1.0,2026-08-13 01:16:30.857989+00
482012f1-710e-4a25-994a-93821f5871aa,L3,ka_sangam,516003,LL1:fam_convergence,1.2,1.2,1.2,0,not_assessed,t,[],mi_adhilepa_v1.0,2026-08-13 01:16:30.857989+00
482012f1-710e-4a25-994a-93821f5871aa,L3,ka_sangam,516004,LL1:fam_convergence,1.2,1.2,1.2,0,not_assessed,t,[],mi_adhilepa_v1.0,2026-08-13 01:16:30.857989+00
482012f1-710e-4a25-994a-93821f5871aa,L3,ka_sangam,516005,LL1:fam_convergence,1.2,1.2,1.2,0,not_assessed,t,[],mi_adhilepa_v1.0,2026-08-13 01:16:30.857989+00
482012f1-710e-4a25-994a-93821f5871aa,L3,ka_sangam,516006,LL1:fam_convergence,1.2,1.2,1.2,0,not_assessed,t,[],mi_adhilepa_v1.0,2026-08-13 01:16:30.857989+00
482012f1-710e-4a25-994a-93821f5871aa,L3,ka_sangam,516007,LL1:fam_convergence,1.2,1.2,1.2,0,not_assessed,t,[],mi_adhilepa_v1.0,2026-08-13 01:16:30.857989+00
482012f1-710e-4a25-994a-93821f5871aa,L3,ka_sangam,516008,LL1:fam_convergence,1.2,1.2,1.2,0,not_assessed,t,[],mi_adhilepa_v1.0,2026-08-13 01:16:30.857989+00
482012f1-710e-4a25-994a-93821f5871aa,L3,ka_sangam,516009,LL1:fam_convergence,1.2,1.2,1.2,0,not_assessed,t,[],mi_adhilepa_v1.0,2026-08-13 01:16:30.857989+00
482012f1-710e-4a25-994a-93821f5871aa,L3,ka_sangam,516010,LL1:fam_convergence,1.2,1.2,1.2,0,not_assessed,t,[],mi_adhilepa_v1.0,2026-08-13 01:16:30.857989+00
482012f1-710e-4a25-994a-93821f5871aa,L3,ka_sangam,516011,LL1:fam_convergence,1.2,1.2,1.2,0,not_assessed,t,[],mi_adhilepa_v1.0,2026-08-13 01:16:30.857989+00
482012f1-710e-4a25-994a-93821f5871aa,L3,ka_sangam,516012,LL1:fam_convergence,1.2,1.2,1.2,0,not_assessed,t,[],mi_adhilepa_v1.0,2026-08-13 01:16:30.857989+00
482012f1-710e-4a25-994a-93821f5871aa,L3,ka_sangam,516013,LL1:fam_convergence,1.2,1.2,1.2,0,not_assessed,t,[],mi_adhilepa_v1.0,2026-08-13 01:16:30.857989+00
482012f1-710e-4a25-994a-93821f5871aa,L3,ka_sangam,516014,LL1:fam_convergence,1.2,1.2,1.2,0,not_assessed,t,[],mi_adhilepa_v1.0,2026-08-13 01:16:30.857989+00
482012f1-710e-4a25-994a-93821f5871aa,L3,ka_sangam,516015,LL1:fam_convergence,1.2,1.2,1.2,0,not_assessed,t,[],mi_adhilepa_v1.0,2026-08-13 01:16:30.857989+00
482012f1-710e-4a25-994a-93821f5871aa,L3,ka_sangam,516016,LL1:fam_convergence,1.2,1.2,1.2,0,not_assessed,t,[],mi_adhilepa_v1.0,2026-08-13 01:16:30.857989+00
482012f1-710e-4a25-994a-93821f5871aa,L3,ka_sangam,516017,LL1:fam_convergence,1.2,1.2,1.2,0,not_assessed,t,[],mi_adhilepa_v1.0,2026-08-13 01:16:30.857989+00
482012f1-710e-4a25-994a-93821f5871aa,L3,ka_sangam,516018,LL1:fam_convergence,1.2,1.2,1.2,0,not_assessed,t,[],mi_adhilepa_v1.0,2026-08-13 01:16:30.857989+00
482012f1-710e-4a25-994a-93821f5871aa,L3,ka_sangam,516019,LL1:fam_convergence,1.2,1.2,1.2,0,not_assessed,t,[],mi_adhilepa_v1.0,2026-08-13 01:16:30.857989+00
482012f1-710e-4a25-994a-93821f5871aa,L3,ka_sangam,516020,LL1:fam_convergence,1.2,1.2,1.2,0,not_assessed,t,[],mi_adhilepa_v1.0,2026-08-13 01:16:30.857989+00
482012f1-710e-4a25-994a-93821f5871aa,L3,ka_sangam,516021,LL1:fam_convergence,1.2,1.2,1.2,0,not_assessed,t,[],mi_adhilepa_v1.0,2026-08-13 01:16:30.857989+00
482012f1-710e-4a25-994a-93821f5871aa,L3,ka_sangam,516022,LL1:fam_convergence,1.2,1.2,1.2,0,not_assessed,t,[],mi_adhilepa_v1.0,2026-08-13 01:16:30.857989+00
482012f1-710e-4a25-994a-93821f5871aa,L3,ka_sangam,516023,LL1:fam_convergence,1.2,1.2,1.2,0,not_assessed,t,[],mi_adhilepa_v1.0,2026-08-13 01:16:30.857989+00
482012f1-710e-4a25-994a-93821f5871aa,L3,ka_sangam,516024,LL1:fam_convergence,1.2,1.2,1.2,0,not_assessed,t,[],mi_adhilepa_v1.0,2026-08-13 01:16:30.857989+00
482012f1-710e-4a25-994a-93821f5871aa,L3,ka_sangam,516025,LL1:fam_convergence,1.2,1.2,1.2,0,not_assessed,t,[],mi_adhilepa_v1.0,2026-08-13 01:16:30.857989+00
482012f1-710e-4a25-994a-93821f5871aa,L3,ka_sangam,516026,LL1:fam_convergence,1.2,1.2,1.2,0,not_assessed,t,[],mi_adhilepa_v1.0,2026-08-13 01:16:30.857989+00
482012f1-710e-4a25-994a-93821f5871aa,L3,ka_sangam,516027,LL1:fam_convergence,1.2,1.2,1.2,0,not_assessed,t,[],mi_adhilepa_v1.0,2026-08-13 01:16:30.857989+00
482012f1-710e-4a25-994a-93821f5871aa,L3,ka_sangam,516028,LL1:fam_convergence,1.2,1.2,1.2,0,not_assessed,t,[],mi_adhilepa_v1.0,2026-08-13 01:16:30.857989+00
482012f1-710e-4a25-994a-93821f5871aa,L3,ka_sangam,516029,LL1:fam_convergence,1.2,1.2,1.2,0,not_assessed,t,[],mi_adhilepa_v1.0,2026-08-13 01:16:30.857989+00
482012f1-710e-4a25-994a-93821f5871aa,L3,ka_sangam,516030,LL1:fam_convergence,1.2,1.2,1.2,0,not_assessed,t,[],mi_adhilepa_v1.0,2026-08-13 01:16:30.857989+00
482012f1-710e-4a25-994a-93821f5871aa,L3,ka_sangam,516031,LL1:fam_convergence,1.2,1.2,1.2,0,not_assessed,t,[],mi_adhilepa_v1.0,2026-08-13 01:16:30.857989+00
482012f1-710e-4a25-994a-93821f5871aa,L3,ka_sangam,516032,LL1:fam_convergence,1.2,1.2,1.2,0,not_assessed,t,[],mi_adhilepa_v1.0,2026-08-13 01:16:30.857989+00
482012f1-710e-4a25-994a-93821f5871aa,L3,ka_sangam,516033,LL1:fam_convergence,1.2,1.2,1.2,0,not_assessed,t,[],mi_adhilepa_v1.0,2026-08-13 01:16:30.857989+00
482012f1-710e-4a25-994a-93821f5871aa,L3,ka_sangam,516034,LL1:fam_convergence,1.2,1.2,1.2,0,not_assessed,t,[],mi_adhilepa_v1.0,2026-08-13 01:16:30.857989+00
482012f1-710e-4a25-994a-93821f5871aa,L3,ka_sangam,516035,LL1:fam_convergence,1.2,1.2,1.2,0,not_assessed,t,[],mi_adhilepa_v1.0,2026-08-13 01:16:30.857989+00
482012f1-710e-4a25-994a-93821f5871aa,L3,ka_sangam,516036,LL1:fam_convergence,1.2,1.2,1.2,0,not_assessed,t,[],mi_adhilepa_v1.0,2026-08-13 01:16:30.857989+00
482012f1-710e-4a25-994a-93821f5871aa,L3,ka_sangam,516037,LL1:fam_convergence,1.2,1.2,1.2,0,not_assessed,t,[],mi_adhilepa_v1.0,2026-08-13 01:16:30.857989+00
482012f1-710e-4a25-994a-93821f5871aa,L3,ka_sangam,516038,LL1:fam_convergence,1.2,1.2,1.2,0,not_assessed,t,[],mi_adhilepa_v1.0,2026-08-13 01:16:30.857989+00
482012f1-710e-4a25-994a-93821f5871aa,L3,ka_sangam,516039,LL1:fam_convergence,1.2,1.2,1.2,0,not_assessed,t,[],mi_adhilepa_v1.0,2026-08-13 01:16:30.857989+00
482012f1-710e-4a25-994a-93821f5871aa,L3,ka_sangam,516040,LL1:fam_convergence,1.2,1.2,1.2,0,not_assessed,t,[],mi_adhilepa_v1.0,2026-08-13 01:16:30.857989+00
482012f1-710e-4a25-994a-93821f5871aa,L3,ka_sangam,516041,LL1:fam_convergence,1.2,1.2,1.2,0,not_assessed,t,[],mi_adhilepa_v1.0,2026-08-13 01:16:30.857989+00
482012f1-710e-4a25-994a-93821f5871aa,L3,ka_sangam,516042,LL1:fam_convergence,1.2,1.2,1.2,0,not_assessed,t,[],mi_adhilepa_v1.0,2026-08-13 01:16:30.857989+00
482012f1-710e-4a25-994a-93821f5871aa,L3,ka_sangam,516043,LL1:fam_convergence,1.2,1.2,1.2,0,not_assessed,t,[],mi_adhilepa_v1.0,2026-08-13 01:16:30.857989+00
482012f1-710e-4a25-994a-93821f5871aa,L3,ka_sangam,516044,LL1:fam_convergence,1.2,1.2,1.2,0,not_assessed,t,[],mi_adhilepa_v1.0,2026-08-13 01:16:30.857989+00
482012f1-710e-4a25-994a-93821f5871aa,L3,ka_sangam,516045,LL1:fam_convergence,1.2,1.2,1.2,0,not_assessed,t,[],mi_adhilepa_v1.0,2026-08-13 01:16:30.857989+00
482012f1-710e-4a25-994a-93821f5871aa,L3,ka_sangam,516046,LL1:fam_convergence,1.2,1.2,1.2,0,not_assessed,t,[],mi_adhilepa_v1.0,2026-08-13 01:16:30.857989+00
482012f1-710e-4a25-994a-93821f5871aa,L3,ka_sangam,516047,LL1:fam_convergence,1.2,1.2,1.2,0,not_assessed,t,[],mi_adhilepa_v1.0,2026-08-13 01:16:30.857989+00
482012f1-710e-4a25-994a-93821f5871aa,L3,ka_sangam,516048,LL1:fam_convergence,1.2,1.2,1.2,0,not_assessed,t,[],mi_adhilepa_v1.0,2026-08-13 01:16:30.857989+00
482012f1-710e-4a25-994a-93821f5871aa,L3,ka_sangam,516049,LL1:fam_convergence,1.2,1.2,1.2,0,not_assessed,t,[],mi_adhilepa_v1.0,2026-08-13 01:16:30.857989+00
482012f1-710e-4a25-994a-93821f5871aa,L3,ka_sangam,516050,LL1:fam_convergence,1.2,1.2,1.2,0,not_assessed,t,[],mi_adhilepa_v1.0,2026-08-13 01:16:30.857989+00
482012f1-710e-4a25-994a-93821f5871aa,L3,ka_sangam,516051,LL1:fam_convergence,1.2,1.2,1.2,0,not_assessed,t,[],mi_adhilepa_v1.0,2026-08-13 01:16:30.857989+00
482012f1-710e-4a25-994a-93821f5871aa,L3,ka_sangam,516052,LL1:fam_convergence,1.2,1.2,1.2,0,not_assessed,t,[],mi_adhilepa_v1.0,2026-08-13 01:16:30.857989+00
482012f1-710e-4a25-994a-93821f5871aa,L3,ka_sangam,516053,LL1:fam_convergence,1.2,1.2,1.2,0,not_assessed,t,[],mi_adhilepa_v1.0,2026-08-13 01:16:30.857989+00
482012f1-710e-4a25-994a-93821f5871aa,L3,ka_sangam,516054,LL1:fam_convergence,1.2,1.2,1.2,0,not_assessed,t,[],mi_adhilepa_v1.0,2026-08-13 01:16:30.857989+00
482012f1-710e-4a25-994a-93821f5871aa,L3,ka_sangam,516055,LL1:fam_convergence,1.2,1.2,1.2,0,not_assessed,t,[],mi_adhilepa_v1.0,2026-08-13 01:16:30.857989+00
482012f1-710e-4a25-994a-93821f5871aa,L3,ka_sangam,516056,LL1:fam_convergence,1.2,1.2,1.2,0,not_assessed,t,[],mi_adhilepa_v1.0,2026-08-13 01:16:30.857989+00
482012f1-710e-4a25-994a-93821f5871aa,L3,ka_sangam,516057,LL1:fam_convergence,1.2,1.2,1.2,0,not_assessed,t,[],mi_adhilepa_v1.0,2026-08-13 01:16:30.857989+00
482012f1-710e-4a25-994a-93821f5871aa,L3,ka_sangam,516058,LL1:fam_convergence,1.2,1.2,1.2,0,not_assessed,t,[],mi_adhilepa_v1.0,2026-08-13 01:16:30.857989+00
482012f1-710e-4a25-994a-93821f5871aa,L3,ka_sangam,516059,LL1:fam_convergence,1.2,1.2,1.2,0,not_assessed,t,[],mi_adhilepa_v1.0,2026-08-13 01:16:30.857989+00
482012f1-710e-4a25-994a-93821f5871aa,L3,ka_sangam,516060,LL1:fam_convergence,1.2,1.2,1.2,0,not_assessed,t,[],mi_adhilepa_v1.0,2026-08-13 01:16:30.857989+00
482012f1-710e-4a25-994a-93821f5871aa,L3,ka_sangam,516061,LL1:fam_convergence,1.2,1.2,1.2,0,not_assessed,t,[],mi_adhilepa_v1.0,2026-08-13 01:16:30.857989+00
482012f1-710e-4a25-994a-93821f5871aa,L3,ka_sangam,516062,LL1:fam_convergence,1.2,1.2,1.2,0,not_assessed,t,[],mi_adhilepa_v1.0,2026-08-13 01:16:30.857989+00
482012f1-710e-4a25-994a-93821f5871aa,L3,ka_sangam,516063,LL1:fam_convergence,1.2,1.2,1.2,0,not_assessed,t,[],mi_adhilepa_v1.0,2026-08-13 01:16:30.857989+00
482012f1-710e-4a25-994a-93821f5871aa,L3,ka_sangam,516064,LL1:fam_convergence,1.2,1.2,1.2,0,not_assessed,t,[],mi_adhilepa_v1.0,2026-08-13 01:16:30.857989+00
482012f1-710e-4a25-994a-93821f5871aa,L3,ka_sangam,516065,LL1:fam_convergence,1.2,1.2,1.2,0,not_assessed,t,[],mi_adhilepa_v1.0,2026-08-13 01:16:30.857989+00
482012f1-710e-4a25-994a-93821f5871aa,L3,ka_sangam,516066,LL1:fam_convergence,1.2,1.2,1.2,0,not_assessed,t,[],mi_adhilepa_v1.0,2026-08-13 01:16:30.857989+00
482012f1-710e-4a25-994a-93821f5871aa,L3,ka_sangam,516067,LL1:fam_convergence,1.2,1.2,1.2,0,not_assessed,t,[],mi_adhilepa_v1.0,2026-08-13 01:16:30.857989+00
482012f1-710e-4a25-994a-93821f5871aa,L3,ka_sangam,516068,LL1:fam_convergence,1.2,1.2,1.2,0,not_assessed,t,[],mi_adhilepa_v1.0,2026-08-13 01:16:30.857989+00
482012f1-710e-4a25-994a-93821f5871aa,L3,ka_sangam,516069,LL1:fam_convergence,1.2,1.2,1.2,0,not_assessed,t,[],mi_adhilepa_v1.0,2026-08-13 01:16:30.857989+00
482012f1-710e-4a25-994a-93821f5871aa,L3,ka_sangam,516070,LL1:fam_convergence,1.2,1.2,1.2,0,not_assessed,t,[],mi_adhilepa_v1.0,2026-08-13 01:16:30.857989+00
482012f1-710e-4a25-994a-93821f5871aa,L3,ka_sangam,516071,LL1:fam_convergence,1.2,1.2,1.2,0,not_assessed,t,[],mi_adhilepa_v1.0,2026-08-13 01:16:30.857989+00
482012f1-710e-4a25-994a-93821f5871aa,L3,ka_sangam,516072,LL1:fam_convergence,1.2,1.2,1.2,0,not_assessed,t,[],mi_adhilepa_v1.0,2026-08-13 01:16:30.857989+00
482012f1-710e-4a25-994a-93821f5871aa,L3,ka_sangam,516073,LL1:fam_convergence,1.2,1.2,1.2,0,not_assessed,t,[],mi_adhilepa_v1.0,2026-08-13 01:16:30.857989+00
482012f1-710e-4a25-994a-93821f5871aa,L3,ka_sangam,516074,LL1:fam_convergence,1.2,1.2,1.2,0,not_assessed,t,[],mi_adhilepa_v1.0,2026-08-13 01:16:30.857989+00
482012f1-710e-4a25-994a-93821f5871aa,L3,ka_sangam,516075,LL1:fam_convergence,1.2,1.2,1.2,0,not_assessed,t,[],mi_adhilepa_v1.0,2026-08-13 01:16:30.857989+00
482012f1-710e-4a25-994a-93821f5871aa,L3,ka_sangam,516076,LL1:fam_convergence,1.2,1.2,1.2,0,not_assessed,t,[],mi_adhilepa_v1.0,2026-08-13 01:16:30.857989+00
482012f1-710e-4a25-994a-93821f5871aa,L3,ka_sangam,516077,LL1:fam_convergence,1.2,1.2,1.2,0,not_assessed,t,[],mi_adhilepa_v1.0,2026-08-13 01:16:30.857989+00
482012f1-710e-4a25-994a-93821f5871aa,L3,ka_sangam,516078,LL1:fam_convergence,1.2,1.2,1.2,0,not_assessed,t,[],mi_adhilepa_v1.0,2026-08-13 01:16:30.857989+00
482012f1-710e-4a25-994a-93821f5871aa,L3,ka_sangam,516079,LL1:fam_convergence,1.2,1.2,1.2,0,not_assessed,t,[],mi_adhilepa_v1.0,2026-08-13 01:16:30.857989+00
482012f1-710e-4a25-994a-93821f5871aa,L3,ka_sangam,516080,LL1:fam_convergence,1.2,1.2,1.2,0,not_assessed,t,[],mi_adhilepa_v1.0,2026-08-13 01:16:30.857989+00
482012f1-710e-4a25-994a-93821f5871aa,L3,ka_sangam,516081,LL1:fam_convergence,1.2,1.2,1.2,0,not_assessed,t,[],mi_adhilepa_v1.0,2026-08-13 01:16:30.857989+00
482012f1-710e-4a25-994a-93821f5871aa,L3,ka_sangam,516082,LL1:fam_convergence,1.2,1.2,1.2,0,not_assessed,t,[],mi_adhilepa_v1.0,2026-08-13 01:16:30.857989+00
482012f1-710e-4a25-994a-93821f5871aa,L3,ka_sangam,516083,LL1:fam_convergence,1.2,1.2,1.2,0,not_assessed,t,[],mi_adhilepa_v1.0,2026-08-13 01:16:30.857989+00
482012f1-710e-4a25-994a-93821f5871aa,L3,ka_sangam,516084,LL1:fam_convergence,1.2,1.2,1.2,0,not_assessed,t,[],mi_adhilepa_v1.0,2026-08-13 01:16:30.857989+00
482012f1-710e-4a25-994a-93821f5871aa,L3,ka_sangam,516085,LL1:fam_convergence,1.2,1.2,1.2,0,not_assessed,t,[],mi_adhilepa_v1.0,2026-08-13 01:16:30.857989+00
482012f1-710e-4a25-994a-93821f5871aa,L3,ka_sangam,516086,LL1:fam_convergence,1.2,1.2,1.2,0,not_assessed,t,[],mi_adhilepa_v1.0,2026-08-13 01:16:30.857989+00
482012f1-710e-4a25-994a-93821f5871aa,L3,ka_sangam,516087,LL1:fam_convergence,1.2,1.2,1.2,0,not_assessed,t,[],mi_adhilepa_v1.0,2026-08-13 01:16:30.857989+00
482012f1-710e-4a25-994a-93821f5871aa,L3,ka_sangam,516088,LL1:fam_convergence,1.2,1.2,1.2,0,not_assessed,t,[],mi_adhilepa_v1.0,2026-08-13 01:16:30.857989+00
482012f1-710e-4a25-994a-93821f5871aa,L3,ka_sangam,516089,LL1:fam_convergence,1.2,1.2,1.2,0,not_assessed,t,[],mi_adhilepa_v1.0,2026-08-13 01:16:30.857989+00
482012f1-710e-4a25-994a-93821f5871aa,L3,ka_sangam,516090,LL1:fam_convergence,1.2,1.2,1.2,0,not_assessed,t,[],mi_adhilepa_v1.0,2026-08-13 01:16:30.857989+00
482012f1-710e-4a25-994a-93821f5871aa,L3,ka_sangam,516091,LL1:fam_convergence,1.2,1.2,1.2,0,not_assessed,t,[],mi_adhilepa_v1.0,2026-08-13 01:16:30.857989+00
482012f1-710e-4a25-994a-93821f5871aa,L3,ka_sangam,516092,LL1:fam_convergence,1.2,1.2,1.2,0,not_assessed,t,[],mi_adhilepa_v1.0,2026-08-13 01:16:30.857989+00
482012f1-710e-4a25-994a-93821f5871aa,L3,ka_sangam,516093,LL1:fam_convergence,1.2,1.2,1.2,0,not_assessed,t,[],mi_adhilepa_v1.0,2026-08-13 01:16:30.857989+00
482012f1-710e-4a25-994a-93821f5871aa,L3,ka_sangam,516094,LL1:fam_convergence,1.2,1.2,1.2,0,not_assessed,t,[],mi_adhilepa_v1.0,2026-08-13 01:16:30.857989+00
482012f1-710e-4a25-994a-93821f5871aa,L3,ka_sangam,516095,LL1:fam_convergence,1.2,1.2,1.2,0,not_assessed,t,[],mi_adhilepa_v1.0,2026-08-13 01:16:30.857989+00
482012f1-710e-4a25-994a-93821f5871aa,L3,ka_sangam,516096,LL1:fam_convergence,1.2,1.2,1.2,0,not_assessed,t,[],mi_adhilepa_v1.0,2026-08-13 01:16:30.857989+00
482012f1-710e-4a25-994a-93821f5871aa,L3,ka_sangam,516097,LL1:fam_convergence,1.2,1.2,1.2,0,not_assessed,t,[],mi_adhilepa_v1.0,2026-08-13 01:16:30.857989+00
482012f1-710e-4a25-994a-93821f5871aa,L3,ka_sangam,516098,LL1:fam_convergence,1.2,1.2,1.2,0,not_assessed,t,[],mi_adhilepa_v1.0,2026-08-13 01:16:30.857989+00
482012f1-710e-4a25-994a-93821f5871aa,L3,ka_sangam,516099,LL1:fam_convergence,1.2,1.2,1.2,0,not_assessed,t,[],mi_adhilepa_v1.0,2026-08-13 01:16:30.857989+00
482012f1-710e-4a25-994a-93821f5871aa,L3,ka_sangam,516100,LL1:fam_convergence,1.2,1.2,1.2,0,not_assessed,t,[],mi_adhilepa_v1.0,2026-08-13 01:16:30.857989+00
482012f1-710e-4a25-994a-93821f5871aa,L3,ka_sangam,516101,LL1:fam_convergence,1.2,1.2,1.2,0,not_assessed,t,[],mi_adhilepa_v1.0,2026-08-13 01:16:30.857989+00
482012f1-710e-4a25-994a-93821f5871aa,L3,ka_sangam,516102,LL1:fam_convergence,1.2,1.2,1.2,0,not_assessed,t,[],mi_adhilepa_v1.0,2026-08-13 01:16:30.857989+00
482012f1-710e-4a25-994a-93821f5871aa,L3,ka_sangam,516103,LL1:fam_convergence,1.2,1.2,1.2,0,not_assessed,t,[],mi_adhilepa_v1.0,2026-08-13 01:16:30.857989+00
482012f1-710e-4a25-994a-93821f5871aa,L3,ka_sangam,516104,LL1:fam_convergence,1.2,1.2,1.2,0,not_assessed,t,[],mi_adhilepa_v1.0,2026-08-13 01:16:30.857989+00
482012f1-710e-4a25-994a-93821f5871aa,L3,ka_sangam,516105,LL1:fam_convergence,1.2,1.2,1.2,0,not_assessed,t,[],mi_adhilepa_v1.0,2026-08-13 01:16:30.857989+00
482012f1-710e-4a25-994a-93821f5871aa,L3,ka_sangam,516106,LL1:fam_convergence,1.2,1.2,1.2,0,not_assessed,t,[],mi_adhilepa_v1.0,2026-08-13 01:16:30.857989+00
482012f1-710e-4a25-994a-93821f5871aa,L3,ka_sangam,516107,LL1:fam_convergence,1.2,1.2,1.2,0,not_assessed,t,[],mi_adhilepa_v1.0,2026-08-13 01:16:30.857989+00
482012f1-710e-4a25-994a-93821f5871aa,L3,ka_sangam,516108,LL1:fam_convergence,1.2,1.2,1.2,0,not_assessed,t,[],mi_adhilepa_v1.0,2026-08-13 01:16:30.857989+00
482012f1-710e-4a25-994a-93821f5871aa,L3,ka_sangam,516109,LL1:fam_convergence,1.2,1.2,1.2,0,not_assessed,t,[],mi_adhilepa_v1.0,2026-08-13 01:16:30.857989+00
482012f1-710e-4a25-994a-93821f5871aa,L3,ka_sangam,516110,LL1:fam_convergence,1.2,1.2,1.2,0,not_assessed,t,[],mi_adhilepa_v1.0,2026-08-13 01:16:30.857989+00
482012f1-710e-4a25-994a-93821f5871aa,L3,ka_sangam,516111,LL1:fam_convergence,1.2,1.2,1.2,0,not_assessed,t,[],mi_adhilepa_v1.0,2026-08-13 01:16:30.857989+00
482012f1-710e-4a25-994a-93821f5871aa,L3,ka_sangam,516112,LL1:fam_convergence,1.2,1.2,1.2,0,not_assessed,t,[],mi_adhilepa_v1.0,2026-08-13 01:16:30.857989+00
482012f1-710e-4a25-994a-93821f5871aa,L3,ka_sangam,516113,LL1:fam_convergence,1.2,1.2,1.2,0,not_assessed,t,[],mi_adhilepa_v1.0,2026-08-13 01:16:30.857989+00
482012f1-710e-4a25-994a-93821f5871aa,L3,ka_sangam,516114,LL1:fam_convergence,1.2,1.2,1.2,0,not_assessed,t,[],mi_adhilepa_v1.0,2026-08-13 01:16:30.857989+00
482012f1-710e-4a25-994a-93821f5871aa,L3,ka_sangam,516115,LL1:fam_convergence,1.2,1.2,1.2,0,not_assessed,t,[],mi_adhilepa_v1.0,2026-08-13 01:16:30.857989+00
482012f1-710e-4a25-994a-93821f5871aa,L3,ka_sangam,516116,LL1:fam_convergence,1.2,1.2,1.2,0,not_assessed,t,[],mi_adhilepa_v1.0,2026-08-13 01:16:30.857989+00
482012f1-710e-4a25-994a-93821f5871aa,L3,ka_sangam,516117,LL1:fam_convergence,1.2,1.2,1.2,0,not_assessed,t,[],mi_adhilepa_v1.0,2026-08-13 01:16:30.857989+00
482012f1-710e-4a25-994a-93821f5871aa,L3,ka_sangam,516118,LL1:fam_convergence,1.2,1.2,1.2,0,not_assessed,t,[],mi_adhilepa_v1.0,2026-08-13 01:16:30.857989+00
482012f1-710e-4a25-994a-93821f5871aa,L3,ka_sangam,516119,LL1:fam_convergence,1.2,1.2,1.2,0,not_assessed,t,[],mi_adhilepa_v1.0,2026-08-13 01:16:30.857989+00
482012f1-710e-4a25-994a-93821f5871aa,L3,ka_sangam,516120,LL1:fam_convergence,1.2,1.2,1.2,0,not_assessed,t,[],mi_adhilepa_v1.0,2026-08-13 01:16:30.857989+00
482012f1-710e-4a25-994a-93821f5871aa,L3,ka_sangam,516121,LL1:fam_convergence,1.2,1.2,1.2,0,not_assessed,t,[],mi_adhilepa_v1.0,2026-08-13 01:16:30.857989+00
482012f1-710e-4a25-994a-93821f5871aa,L3,ka_sangam,516122,LL1:fam_convergence,1.2,1.2,1.2,0,not_assessed,t,[],mi_adhilepa_v1.0,2026-08-13 01:16:30.857989+00
482012f1-710e-4a25-994a-93821f5871aa,L3,ka_sangam,516123,LL1:fam_convergence,1.2,1.2,1.2,0,not_assessed,t,[],mi_adhilepa_v1.0,2026-08-13 01:16:30.857989+00
482012f1-710e-4a25-994a-93821f5871aa,L3,ka_sangam,516124,LL1:fam_convergence,1.2,1.2,1.2,0,not_assessed,t,[],mi_adhilepa_v1.0,2026-08-13 01:16:30.857989+00
482012f1-710e-4a25-994a-93821f5871aa,L3,ka_sangam,516125,LL1:fam_convergence,1.2,1.2,1.2,0,not_assessed,t,[],mi_adhilepa_v1.0,2026-08-13 01:16:30.857989+00
482012f1-710e-4a25-994a-93821f5871aa,L3,ka_sangam,516126,LL1:fam_convergence,1.2,1.2,1.2,0,not_assessed,t,[],mi_adhilepa_v1.0,2026-08-13 01:16:30.857989+00
482012f1-710e-4a25-994a-93821f5871aa,L3,ka_sangam,516127,LL1:fam_convergence,1.2,1.2,1.2,0,not_assessed,t,[],mi_adhilepa_v1.0,2026-08-13 01:16:30.857989+00
482012f1-710e-4a25-994a-93821f5871aa,L3,ka_sangam,516128,LL1:fam_convergence,1.2,1.2,1.2,0,not_assessed,t,[],mi_adhilepa_v1.0,2026-08-13 01:16:30.857989+00
482012f1-710e-4a25-994a-93821f5871aa,L3,ka_sangam,516129,LL1:fam_convergence,1.2,1.2,1.2,0,not_assessed,t,[],mi_adhilepa_v1.0,2026-08-13 01:16:30.857989+00
482012f1-710e-4a25-994a-93821f5871aa,L3,ka_sangam,516130,LL1:fam_convergence,1.2,1.2,1.2,0,not_assessed,t,[],mi_adhilepa_v1.0,2026-08-13 01:16:30.857989+00
482012f1-710e-4a25-994a-93821f5871aa,L3,ka_sangam,516131,LL1:fam_convergence,1.2,1.2,1.2,0,not_assessed,t,[],mi_adhilepa_v1.0,2026-08-13 01:16:30.857989+00
482012f1-710e-4a25-994a-93821f5871aa,L3,ka_sangam,516132,LL1:fam_convergence,1.2,1.2,1.2,0,not_assessed,t,[],mi_adhilepa_v1.0,2026-08-13 01:16:30.857989+00
482012f1-710e-4a25-994a-93821f5871aa,L3,ka_sangam,516133,LL1:fam_convergence,1.2,1.2,1.2,0,not_assessed,t,[],mi_adhilepa_v1.0,2026-08-13 01:16:30.857989+00
482012f1-710e-4a25-994a-93821f5871aa,L3,ka_sangam,516134,LL1:fam_convergence,1.2,1.2,1.2,0,not_assessed,t,[],mi_adhilepa_v1.0,2026-08-13 01:16:30.857989+00
482012f1-710e-4a25-994a-93821f5871aa,L3,ka_sangam,516135,LL1:fam_convergence,1.2,1.2,1.2,0,not_assessed,t,[],mi_adhilepa_v1.0,2026-08-13 01:16:30.857989+00
482012f1-710e-4a25-994a-93821f5871aa,L3,ka_sangam,516136,LL1:fam_convergence,1.2,1.2,1.2,0,not_assessed,t,[],mi_adhilepa_v1.0,2026-08-13 01:16:30.857989+00
482012f1-710e-4a25-994a-93821f5871aa,L3,ka_sangam,516137,LL1:fam_convergence,1.2,1.2,1.2,0,not_assessed,t,[],mi_adhilepa_v1.0,2026-08-13 01:16:30.857989+00
482012f1-710e-4a25-994a-93821f5871aa,L3,ka_sangam,516138,LL1:fam_convergence,1.2,1.2,1.2,0,not_assessed,t,[],mi_adhilepa_v1.0,2026-08-13 01:16:30.857989+00
482012f1-710e-4a25-994a-93821f5871aa,L3,ka_sangam,516139,LL1:fam_convergence,1.2,1.2,1.2,0,not_assessed,t,[],mi_adhilepa_v1.0,2026-08-13 01:16:30.857989+00
482012f1-710e-4a25-994a-93821f5871aa,L3,ka_sangam,516140,LL1:fam_convergence,1.2,1.2,1.2,0,not_assessed,t,[],mi_adhilepa_v1.0,2026-08-13 01:16:30.857989+00
482012f1-710e-4a25-994a-93821f5871aa,L3,ka_sangam,516141,LL1:fam_convergence,1.2,1.2,1.2,0,not_assessed,t,[],mi_adhilepa_v1.0,2026-08-13 01:16:30.857989+00
482012f1-710e-4a25-994a-93821f5871aa,L3,ka_sangam,516142,LL1:fam_convergence,1.2,1.2,1.2,0,not_assessed,t,[],mi_adhilepa_v1.0,2026-08-13 01:16:30.857989+00
482012f1-710e-4a25-994a-93821f5871aa,L3,ka_sangam,516143,LL1:fam_convergence,1.2,1.2,1.2,0,not_assessed,t,[],mi_adhilepa_v1.0,2026-08-13 01:16:30.857989+00
482012f1-710e-4a25-994a-93821f5871aa,L3,ka_sangam,516144,LL1:fam_convergence,1.2,1.2,1.2,0,not_assessed,t,[],mi_adhilepa_v1.0,2026-08-13 01:16:30.857989+00
482012f1-710e-4a25-994a-93821f5871aa,L3,ka_sangam,516145,LL1:fam_convergence,1.2,1.2,1.2,0,not_assessed,t,[],mi_adhilepa_v1.0,2026-08-13 01:16:30.857989+00
482012f1-710e-4a25-994a-93821f5871aa,L3,ka_sangam,516146,LL1:fam_convergence,1.2,1.2,1.2,0,not_assessed,t,[],mi_adhilepa_v1.0,2026-08-13 01:16:30.857989+00
482012f1-710e-4a25-994a-93821f5871aa,L3,ka_sangam,516147,LL1:fam_convergence,1.2,1.2,1.2,0,not_assessed,t,[],mi_adhilepa_v1.0,2026-08-13 01:16:30.857989+00
482012f1-710e-4a25-994a-93821f5871aa,L3,ka_sangam,516148,LL1:fam_convergence,1.2,1.2,1.2,0,not_assessed,t,[],mi_adhilepa_v1.0,2026-08-13 01:16:30.857989+00
482012f1-710e-4a25-994a-93821f5871aa,L3,ka_sangam,516149,LL1:fam_convergence,1.2,1.2,1.2,0,not_assessed,t,[],mi_adhilepa_v1.0,2026-08-13 01:16:30.857989+00
482012f1-710e-4a25-994a-93821f5871aa,L3,ka_sangam,516150,LL1:fam_convergence,1.2,1.2,1.2,0,not_assessed,t,[],mi_adhilepa_v1.0,2026-08-13 01:16:30.857989+00
482012f1-710e-4a25-994a-93821f5871aa,L3,ka_sangam,516151,LL1:fam_convergence,1.2,1.2,1.2,0,not_assessed,t,[],mi_adhilepa_v1.0,2026-08-13 01:16:30.857989+00
482012f1-710e-4a25-994a-93821f5871aa,L3,ka_sangam,516152,LL1:fam_convergence,1.2,1.2,1.2,0,not_assessed,t,[],mi_adhilepa_v1.0,2026-08-13 01:16:30.857989+00
482012f1-710e-4a25-994a-93821f5871aa,L3,ka_sangam,516153,LL1:fam_convergence,1.2,1.2,1.2,0,not_assessed,t,[],mi_adhilepa_v1.0,2026-08-13 01:16:30.857989+00
482012f1-710e-4a25-994a-93821f5871aa,L3,ka_sangam,516154,LL1:fam_convergence,1.2,1.2,1.2,0,not_assessed,t,[],mi_adhilepa_v1.0,2026-08-13 01:16:30.857989+00
482012f1-710e-4a25-994a-93821f5871aa,L3,ka_sangam,516155,LL1:fam_convergence,1.2,1.2,1.2,0,not_assessed,t,[],mi_adhilepa_v1.0,2026-08-13 01:16:30.857989+00
482012f1-710e-4a25-994a-93821f5871aa,L3,ka_sangam,516156,LL1:fam_convergence,1.2,1.2,1.2,0,not_assessed,t,[],mi_adhilepa_v1.0,2026-08-13 01:16:30.857989+00
482012f1-710e-4a25-994a-93821f5871aa,L3,ka_sangam,516157,LL1:fam_convergence,1.2,1.2,1.2,0,not_assessed,t,[],mi_adhilepa_v1.0,2026-08-13 01:16:30.857989+00
482012f1-710e-4a25-994a-93821f5871aa,L3,ka_sangam,516158,LL1:fam_convergence,1.2,1.2,1.2,0,not_assessed,t,[],mi_adhilepa_v1.0,2026-08-13 01:16:30.857989+00
482012f1-710e-4a25-994a-93821f5871aa,L3,ka_sangam,516159,LL1:fam_convergence,1.2,1.2,1.2,0,not_assessed,t,[],mi_adhilepa_v1.0,2026-08-13 01:16:30.857989+00
482012f1-710e-4a25-994a-93821f5871aa,L3,ka_sangam,516160,LL1:fam_convergence,1.2,1.2,1.2,0,not_assessed,t,[],mi_adhilepa_v1.0,2026-08-13 01:16:30.857989+00
482012f1-710e-4a25-994a-93821f5871aa,L3,ka_sangam,516161,LL1:fam_convergence,1.2,1.2,1.2,0,not_assessed,t,[],mi_adhilepa_v1.0,2026-08-13 01:16:30.857989+00
482012f1-710e-4a25-994a-93821f5871aa,L3,ka_sangam,516162,LL1:fam_convergence,1.2,1.2,1.2,0,not_assessed,t,[],mi_adhilepa_v1.0,2026-08-13 01:16:30.857989+00
482012f1-710e-4a25-994a-93821f5871aa,L3,ka_sangam,516163,LL1:fam_convergence,1.2,1.2,1.2,0,not_assessed,t,[],mi_adhilepa_v1.0,2026-08-13 01:16:30.857989+00
482012f1-710e-4a25-994a-93821f5871aa,L3,ka_sangam,516164,LL1:fam_convergence,1.2,1.2,1.2,0,not_assessed,t,[],mi_adhilepa_v1.0,2026-08-13 01:16:30.857989+00
482012f1-710e-4a25-994a-93821f5871aa,L3,ka_sangam,516165,LL1:fam_convergence,1.2,1.2,1.2,0,not_assessed,t,[],mi_adhilepa_v1.0,2026-08-13 01:16:30.857989+00
482012f1-710e-4a25-994a-93821f5871aa,L3,ka_sangam,516166,LL1:fam_convergence,1.2,1.2,1.2,0,not_assessed,t,[],mi_adhilepa_v1.0,2026-08-13 01:16:30.857989+00
482012f1-710e-4a25-994a-93821f5871aa,L3,ka_sangam,516167,LL1:fam_convergence,1.2,1.2,1.2,0,not_assessed,t,[],mi_adhilepa_v1.0,2026-08-13 01:16:30.857989+00
482012f1-710e-4a25-994a-93821f5871aa,L3,ka_sangam,516168,LL1:fam_convergence,1.2,1.2,1.2,0,not_assessed,t,[],mi_adhilepa_v1.0,2026-08-13 01:16:30.857989+00
482012f1-710e-4a25-994a-93821f5871aa,L3,ka_sangam,516169,LL1:fam_convergence,1.2,1.2,1.2,0,not_assessed,t,[],mi_adhilepa_v1.0,2026-08-13 01:16:30.857989+00
482012f1-710e-4a25-994a-93821f5871aa,L3,ka_sangam,516170,LL1:fam_convergence,1.2,1.2,1.2,0,not_assessed,t,[],mi_adhilepa_v1.0,2026-08-13 01:16:30.857989+00
482012f1-710e-4a25-994a-93821f5871aa,L3,ka_sangam,516171,LL1:fam_convergence,1.2,1.2,1.2,0,not_assessed,t,[],mi_adhilepa_v1.0,2026-08-13 01:16:30.857989+00
482012f1-710e-4a25-994a-93821f5871aa,L3,ka_sangam,516172,LL1:fam_convergence,1.2,1.2,1.2,0,not_assessed,t,[],mi_adhilepa_v1.0,2026-08-13 01:16:30.857989+00
482012f1-710e-4a25-994a-93821f5871aa,L3,ka_sangam,516173,LL1:fam_convergence,1.2,1.2,1.2,0,not_assessed,t,[],mi_adhilepa_v1.0,2026-08-13 01:16:30.857989+00
482012f1-710e-4a25-994a-93821f5871aa,L3,ka_sangam,516174,LL1:fam_convergence,1.2,1.2,1.2,0,not_assessed,t,[],mi_adhilepa_v1.0,2026-08-13 01:16:30.857989+00
482012f1-710e-4a25-994a-93821f5871aa,L3,ka_sangam,516175,LL1:fam_convergence,1.2,1.2,1.2,0,not_assessed,t,[],mi_adhilepa_v1.0,2026-08-13 01:16:30.857989+00
482012f1-710e-4a25-994a-93821f5871aa,L3,ka_sangam,516176,LL1:fam_convergence,1.2,1.2,1.2,0,not_assessed,t,[],mi_adhilepa_v1.0,2026-08-13 01:16:30.857989+00
482012f1-710e-4a25-994a-93821f5871aa,L3,ka_sangam,516177,LL1:fam_convergence,1.2,1.2,1.2,0,not_assessed,t,[],mi_adhilepa_v1.0,2026-08-13 01:16:30.857989+00
482012f1-710e-4a25-994a-93821f5871aa,L3,ka_sangam,516178,LL1:fam_convergence,1.2,1.2,1.2,0,not_assessed,t,[],mi_adhilepa_v1.0,2026-08-13 01:16:30.857989+00
482012f1-710e-4a25-994a-93821f5871aa,L3,ka_sangam,516179,LL1:fam_convergence,1.2,1.2,1.2,0,not_assessed,t,[],mi_adhilepa_v1.0,2026-08-13 01:16:30.857989+00
482012f1-710e-4a25-994a-93821f5871aa,L3,ka_sangam,516180,LL1:fam_convergence,1.2,1.2,1.2,0,not_assessed,t,[],mi_adhilepa_v1.0,2026-08-13 01:16:30.857989+00
482012f1-710e-4a25-994a-93821f5871aa,L3,ka_sangam,516181,LL1:fam_convergence,1.2,1.2,1.2,0,not_assessed,t,[],mi_adhilepa_v1.0,2026-08-13 01:16:30.857989+00
482012f1-710e-4a25-994a-93821f5871aa,L3,ka_sangam,516182,LL1:fam_convergence,1.2,1.2,1.2,0,not_assessed,t,[],mi_adhilepa_v1.0,2026-08-13 01:16:30.857989+00
482012f1-710e-4a25-994a-93821f5871aa,L3,ka_sangam,516183,LL1:fam_convergence,1.2,1.2,1.2,0,not_assessed,t,[],mi_adhilepa_v1.0,2026-08-13 01:16:30.857989+00
482012f1-710e-4a25-994a-93821f5871aa,L3,ka_sangam,516184,LL1:fam_convergence,1.2,1.2,1.2,0,not_assessed,t,[],mi_adhilepa_v1.0,2026-08-13 01:16:30.857989+00
482012f1-710e-4a25-994a-93821f5871aa,L3,ka_sangam,516185,LL1:fam_convergence,1.2,1.2,1.2,0,not_assessed,t,[],mi_adhilepa_v1.0,2026-08-13 01:16:30.857989+00
482012f1-710e-4a25-994a-93821f5871aa,L3,ka_sangam,516186,LL1:fam_convergence,1.2,1.2,1.2,0,not_assessed,t,[],mi_adhilepa_v1.0,2026-08-13 01:16:30.857989+00
482012f1-710e-4a25-994a-93821f5871aa,L3,ka_sangam,516187,LL1:fam_convergence,1.2,1.2,1.2,0,not_assessed,t,[],mi_adhilepa_v1.0,2026-08-13 01:16:30.857989+00
482012f1-710e-4a25-994a-93821f5871aa,L3,ka_sangam,516188,LL1:fam_convergence,1.2,1.2,1.2,0,not_assessed,t,[],mi_adhilepa_v1.0,2026-08-13 01:16:30.857989+00
482012f1-710e-4a25-994a-93821f5871aa,L3,ka_sangam,516189,LL1:fam_convergence,1.2,1.2,1.2,0,not_assessed,t,[],mi_adhilepa_v1.0,2026-08-13 01:16:30.857989+00
482012f1-710e-4a25-994a-93821f5871aa,L3,ka_sangam,516190,LL1:fam_convergence,1.2,1.2,1.2,0,not_assessed,t,[],mi_adhilepa_v1.0,2026-08-13 01:16:30.857989+00
482012f1-710e-4a25-994a-93821f5871aa,L3,ka_sangam,516191,LL1:fam_convergence,1.2,1.2,1.2,0,not_assessed,t,[],mi_adhilepa_v1.0,2026-08-13 01:16:30.857989+00
482012f1-710e-4a25-994a-93821f5871aa,L3,ka_sangam,516192,LL1:fam_convergence,1.2,1.2,1.2,0,not_assessed,t,[],mi_adhilepa_v1.0,2026-08-13 01:16:30.857989+00
482012f1-710e-4a25-994a-93821f5871aa,L3,ka_sangam,516193,LL1:fam_convergence,1.2,1.2,1.2,0,not_assessed,t,[],mi_adhilepa_v1.0,2026-08-13 01:16:30.857989+00
482012f1-710e-4a25-994a-93821f5871aa,L3,ka_sangam,516194,LL1:fam_convergence,1.2,1.2,1.2,0,not_assessed,t,[],mi_adhilepa_v1.0,2026-08-13 01:16:30.857989+00
482012f1-710e-4a25-994a-93821f5871aa,L3,ka_sangam,516195,LL1:fam_convergence,1.2,1.2,1.2,0,not_assessed,t,[],mi_adhilepa_v1.0,2026-08-13 01:16:30.857989+00
482012f1-710e-4a25-994a-93821f5871aa,L3,ka_sangam,516196,LL1:fam_convergence,1.2,1.2,1.2,0,not_assessed,t,[],mi_adhilepa_v1.0,2026-08-13 01:16:30.857989+00
482012f1-710e-4a25-994a-93821f5871aa,L3,ka_sangam,516197,LL1:fam_convergence,1.2,1.2,1.2,0,not_assessed,t,[],mi_adhilepa_v1.0,2026-08-13 01:16:30.857989+00
482012f1-710e-4a25-994a-93821f5871aa,L3,ka_sangam,516198,LL1:fam_convergence,1.2,1.2,1.2,0,not_assessed,t,[],mi_adhilepa_v1.0,2026-08-13 01:16:30.857989+00
482012f1-710e-4a25-994a-93821f5871aa,L3,ka_sangam,516199,LL1:fam_convergence,1.2,1.2,1.2,0,not_assessed,t,[],mi_adhilepa_v1.0,2026-08-13 01:16:30.857989+00
482012f1-710e-4a25-994a-93821f5871aa,L3,ka_sangam,516200,LL1:fam_convergence,1.2,1.2,1.2,0,not_assessed,t,[],mi_adhilepa_v1.0,2026-08-13 01:16:30.857989+00
482012f1-710e-4a25-994a-93821f5871aa,L3,ka_sangam,516201,LL1:fam_convergence,1.2,1.2,1.2,0,not_assessed,t,[],mi_adhilepa_v1.0,2026-08-13 01:16:30.857989+00
482012f1-710e-4a25-994a-93821f5871aa,L3,ka_sangam,516202,LL1:fam_convergence,1.2,1.2,1.2,0,not_assessed,t,[],mi_adhilepa_v1.0,2026-08-13 01:16:30.857989+00
482012f1-710e-4a25-994a-93821f5871aa,L3,ka_sangam,516203,LL1:fam_convergence,1.2,1.2,1.2,0,not_assessed,t,[],mi_adhilepa_v1.0,2026-08-13 01:16:30.857989+00
482012f1-710e-4a25-994a-93821f5871aa,L3,ka_sangam,516204,LL1:fam_convergence,1.2,1.2,1.2,0,not_assessed,t,[],mi_adhilepa_v1.0,2026-08-13 01:16:30.857989+00
482012f1-710e-4a25-994a-93821f5871aa,L3,ka_sangam,516205,LL1:fam_convergence,1.2,1.2,1.2,0,not_assessed,t,[],mi_adhilepa_v1.0,2026-08-13 01:16:30.857989+00
482012f1-710e-4a25-994a-93821f5871aa,L3,ka_sangam,516206,LL1:fam_convergence,1.2,1.2,1.2,0,not_assessed,t,[],mi_adhilepa_v1.0,2026-08-13 01:16:30.857989+00
482012f1-710e-4a25-994a-93821f5871aa,L3,ka_sangam,516207,LL1:fam_convergence,1.2,1.2,1.2,0,not_assessed,t,[],mi_adhilepa_v1.0,2026-08-13 01:16:30.857989+00
482012f1-710e-4a25-994a-93821f5871aa,L3,ka_sangam,516208,LL1:fam_convergence,1.2,1.2,1.2,0,not_assessed,t,[],mi_adhilepa_v1.0,2026-08-13 01:16:30.857989+00
482012f1-710e-4a25-994a-93821f5871aa,L3,ka_sangam,516209,LL1:fam_convergence,1.2,1.2,1.2,0,not_assessed,t,[],mi_adhilepa_v1.0,2026-08-13 01:16:30.857989+00
482012f1-710e-4a25-994a-93821f5871aa,L3,ka_sangam,516210,LL1:fam_convergence,1.2,1.2,1.2,0,not_assessed,t,[],mi_adhilepa_v1.0,2026-08-13 01:16:30.857989+00
482012f1-710e-4a25-994a-93821f5871aa,L3,ka_sangam,516211,LL1:fam_convergence,1.2,1.2,1.2,0,not_assessed,t,[],mi_adhilepa_v1.0,2026-08-13 01:16:30.857989+00
482012f1-710e-4a25-994a-93821f5871aa,L3,ka_sangam,516212,LL1:fam_convergence,1.2,1.2,1.2,0,not_assessed,t,[],mi_adhilepa_v1.0,2026-08-13 01:16:30.857989+00
482012f1-710e-4a25-994a-93821f5871aa,L3,ka_sangam,516213,LL1:fam_convergence,1.2,1.2,1.2,0,not_assessed,t,[],mi_adhilepa_v1.0,2026-08-13 01:16:30.857989+00
482012f1-710e-4a25-994a-93821f5871aa,L3,ka_sangam,516214,LL1:fam_convergence,1.2,1.2,1.2,0,not_assessed,t,[],mi_adhilepa_v1.0,2026-08-13 01:16:30.857989+00
482012f1-710e-4a25-994a-93821f5871aa,L3,ka_sangam,516215,LL1:fam_convergence,1.2,1.2,1.2,0,not_assessed,t,[],mi_adhilepa_v1.0,2026-08-13 01:16:30.857989+00
482012f1-710e-4a25-994a-93821f5871aa,L3,ka_sangam,516216,LL1:fam_convergence,1.2,1.2,1.2,0,not_assessed,t,[],mi_adhilepa_v1.0,2026-08-13 01:16:30.857989+00
482012f1-710e-4a25-994a-93821f5871aa,L3,ka_sangam,516217,LL1:fam_convergence,1.2,1.2,1.2,0,not_assessed,t,[],mi_adhilepa_v1.0,2026-08-13 01:16:30.857989+00
482012f1-710e-4a25-994a-93821f5871aa,L3,ka_sangam,516218,LL1:fam_convergence,1.2,1.2,1.2,0,not_assessed,t,[],mi_adhilepa_v1.0,2026-08-13 01:16:30.857989+00
482012f1-710e-4a25-994a-93821f5871aa,L3,ka_sangam,516219,LL1:fam_convergence,1.2,1.2,1.2,0,not_assessed,t,[],mi_adhilepa_v1.0,2026-08-13 01:16:30.857989+00
482012f1-710e-4a25-994a-93821f5871aa,L3,ka_sangam,516220,LL1:fam_convergence,1.2,1.2,1.2,0,not_assessed,t,[],mi_adhilepa_v1.0,2026-08-13 01:16:30.857989+00
482012f1-710e-4a25-994a-93821f5871aa,L3,ka_sangam,516221,LL1:fam_convergence,1.2,1.2,1.2,0,not_assessed,t,[],mi_adhilepa_v1.0,2026-08-13 01:16:30.857989+00
482012f1-710e-4a25-994a-93821f5871aa,L3,ka_sangam,516222,LL1:fam_convergence,1.2,1.2,1.2,0,not_assessed,t,[],mi_adhilepa_v1.0,2026-08-13 01:16:30.857989+00
482012f1-710e-4a25-994a-93821f5871aa,L3,ka_sangam,516223,LL1:fam_convergence,1.2,1.2,1.2,0,not_assessed,t,[],mi_adhilepa_v1.0,2026-08-13 01:16:30.857989+00
482012f1-710e-4a25-994a-93821f5871aa,L3,ka_sangam,516224,LL1:fam_convergence,1.2,1.2,1.2,0,not_assessed,t,[],mi_adhilepa_v1.0,2026-08-13 01:16:30.857989+00
482012f1-710e-4a25-994a-93821f5871aa,L3,ka_sangam,516225,LL1:fam_convergence,1.2,1.2,1.2,0,not_assessed,t,[],mi_adhilepa_v1.0,2026-08-13 01:16:30.857989+00
482012f1-710e-4a25-994a-93821f5871aa,L3,ka_sangam,516226,LL1:fam_convergence,1.2,1.2,1.2,0,not_assessed,t,[],mi_adhilepa_v1.0,2026-08-13 01:16:30.857989+00
482012f1-710e-4a25-994a-93821f5871aa,L3,ka_sangam,516227,LL1:fam_convergence,1.2,1.2,1.2,0,not_assessed,t,[],mi_adhilepa_v1.0,2026-08-13 01:16:30.857989+00
482012f1-710e-4a25-994a-93821f5871aa,L3,ka_sangam,516228,LL1:fam_convergence,1.2,1.2,1.2,0,not_assessed,t,[],mi_adhilepa_v1.0,2026-08-13 01:16:30.857989+00
482012f1-710e-4a25-994a-93821f5871aa,L3,ka_sangam,516229,LL1:fam_convergence,1.2,1.2,1.2,0,not_assessed,t,[],mi_adhilepa_v1.0,2026-08-13 01:16:30.857989+00
482012f1-710e-4a25-994a-93821f5871aa,L3,ka_sangam,516230,LL1:fam_convergence,1.2,1.2,1.2,0,not_assessed,t,[],mi_adhilepa_v1.0,2026-08-13 01:16:30.857989+00
482012f1-710e-4a25-994a-93821f5871aa,L3,ka_sangam,516231,LL1:fam_convergence,1.2,1.2,1.2,0,not_assessed,t,[],mi_adhilepa_v1.0,2026-08-13 01:16:30.857989+00
482012f1-710e-4a25-994a-93821f5871aa,L3,ka_sangam,516232,LL1:fam_convergence,1.2,1.2,1.2,0,not_assessed,t,[],mi_adhilepa_v1.0,2026-08-13 01:16:30.857989+00
482012f1-710e-4a25-994a-93821f5871aa,L3,ka_sangam,516233,LL1:fam_convergence,1.2,1.2,1.2,0,not_assessed,t,[],mi_adhilepa_v1.0,2026-08-13 01:16:30.857989+00
482012f1-710e-4a25-994a-93821f5871aa,L3,ka_sangam,516234,LL1:fam_convergence,1.2,1.2,1.2,0,not_assessed,t,[],mi_adhilepa_v1.0,2026-08-13 01:16:30.857989+00
482012f1-710e-4a25-994a-93821f5871aa,L3,ka_sangam,516235,LL1:fam_convergence,1.2,1.2,1.2,0,not_assessed,t,[],mi_adhilepa_v1.0,2026-08-13 01:16:30.857989+00
482012f1-710e-4a25-994a-93821f5871aa,L3,ka_sangam,516236,LL1:fam_convergence,1.2,1.2,1.2,0,not_assessed,t,[],mi_adhilepa_v1.0,2026-08-13 01:16:30.857989+00
482012f1-710e-4a25-994a-93821f5871aa,L3,ka_sangam,516237,LL1:fam_convergence,1.2,1.2,1.2,0,not_assessed,t,[],mi_adhilepa_v1.0,2026-08-13 01:16:30.857989+00
482012f1-710e-4a25-994a-93821f5871aa,L3,ka_sangam,516238,LL1:fam_convergence,1.2,1.2,1.2,0,not_assessed,t,[],mi_adhilepa_v1.0,2026-08-13 01:16:30.857989+00
482012f1-710e-4a25-994a-93821f5871aa,L3,ka_sangam,516239,LL1:fam_convergence,1.2,1.2,1.2,0,not_assessed,t,[],mi_adhilepa_v1.0,2026-08-13 01:16:30.857989+00
482012f1-710e-4a25-994a-93821f5871aa,L3,ka_sangam,516240,LL1:fam_convergence,1.2,1.2,1.2,0,not_assessed,t,[],mi_adhilepa_v1.0,2026-08-13 01:16:30.857989+00
482012f1-710e-4a25-994a-93821f5871aa,L3,ka_sangam,516241,LL1:fam_convergence,1.2,1.2,1.2,0,not_assessed,t,[],mi_adhilepa_v1.0,2026-08-13 01:16:30.857989+00
482012f1-710e-4a25-994a-93821f5871aa,L3,ka_sangam,516242,LL1:fam_convergence,1.2,1.2,1.2,0,not_assessed,t,[],mi_adhilepa_v1.0,2026-08-13 01:16:30.857989+00
482012f1-710e-4a25-994a-93821f5871aa,L3,ka_sangam,516243,LL1:fam_convergence,1.2,1.2,1.2,0,not_assessed,t,[],mi_adhilepa_v1.0,2026-08-13 01:16:30.857989+00
482012f1-710e-4a25-994a-93821f5871aa,L3,ka_sangam,516244,LL1:fam_convergence,1.2,1.2,1.2,0,not_assessed,t,[],mi_adhilepa_v1.0,2026-08-13 01:16:30.857989+00
482012f1-710e-4a25-994a-93821f5871aa,L3,ka_sangam,516245,LL1:fam_convergence,1.2,1.2,1.2,0,not_assessed,t,[],mi_adhilepa_v1.0,2026-08-13 01:16:30.857989+00
482012f1-710e-4a25-994a-93821f5871aa,L3,ka_sangam,516246,LL1:fam_convergence,1.2,1.2,1.2,0,not_assessed,t,[],mi_adhilepa_v1.0,2026-08-13 01:16:30.857989+00
482012f1-710e-4a25-994a-93821f5871aa,L3,ka_sangam,516247,LL1:fam_convergence,1.2,1.2,1.2,0,not_assessed,t,[],mi_adhilepa_v1.0,2026-08-13 01:16:30.857989+00
482012f1-710e-4a25-994a-93821f5871aa,L3,ka_sangam,516248,LL1:fam_convergence,1.2,1.2,1.2,0,not_assessed,t,[],mi_adhilepa_v1.0,2026-08-13 01:16:30.857989+00
482012f1-710e-4a25-994a-93821f5871aa,L3,ka_sangam,516249,LL1:fam_convergence,1.2,1.2,1.2,0,not_assessed,t,[],mi_adhilepa_v1.0,2026-08-13 01:16:30.857989+00
482012f1-710e-4a25-994a-93821f5871aa,L3,ka_sangam,516250,LL1:fam_convergence,1.2,1.2,1.2,0,not_assessed,t,[],mi_adhilepa_v1.0,2026-08-13 01:16:30.857989+00
482012f1-710e-4a25-994a-93821f5871aa,L3,ka_sangam,516251,LL1:fam_convergence,1.2,1.2,1.2,0,not_assessed,t,[],mi_adhilepa_v1.0,2026-08-13 01:16:30.857989+00
482012f1-710e-4a25-994a-93821f5871aa,L3,ka_sangam,516252,LL1:fam_convergence,1.2,1.2,1.2,0,not_assessed,t,[],mi_adhilepa_v1.0,2026-08-13 01:16:30.857989+00
482012f1-710e-4a25-994a-93821f5871aa,L3,ka_sangam,516253,LL1:fam_convergence,1.2,1.2,1.2,0,not_assessed,t,[],mi_adhilepa_v1.0,2026-08-13 01:16:30.857989+00
482012f1-710e-4a25-994a-93821f5871aa,L3,ka_sangam,516254,LL1:fam_convergence,1.2,1.2,1.2,0,not_assessed,t,[],mi_adhilepa_v1.0,2026-08-13 01:16:30.857989+00
482012f1-710e-4a25-994a-93821f5871aa,L3,ka_sangam,516255,LL1:fam_convergence,1.2,1.2,1.2,0,not_assessed,t,[],mi_adhilepa_v1.0,2026-08-13 01:16:30.857989+00
482012f1-710e-4a25-994a-93821f5871aa,L3,ka_sangam,516256,LL1:fam_convergence,1.2,1.2,1.2,0,not_assessed,t,[],mi_adhilepa_v1.0,2026-08-13 01:16:30.857989+00
482012f1-710e-4a25-994a-93821f5871aa,L3,ka_sangam,516257,LL1:fam_convergence,1.2,1.2,1.2,0,not_assessed,t,[],mi_adhilepa_v1.0,2026-08-13 01:16:30.857989+00
482012f1-710e-4a25-994a-93821f5871aa,L3,ka_sangam,516258,LL1:fam_convergence,1.2,1.2,1.2,0,not_assessed,t,[],mi_adhilepa_v1.0,2026-08-13 01:16:30.857989+00
482012f1-710e-4a25-994a-93821f5871aa,L3,ka_sangam,516259,LL1:fam_convergence,1.2,1.2,1.2,0,not_assessed,t,[],mi_adhilepa_v1.0,2026-08-13 01:16:30.857989+00
482012f1-710e-4a25-994a-93821f5871aa,L3,ka_sangam,516260,LL1:fam_convergence,1.2,1.2,1.2,0,not_assessed,t,[],mi_adhilepa_v1.0,2026-08-13 01:16:30.857989+00
482012f1-710e-4a25-994a-93821f5871aa,L3,ka_sangam,516261,LL1:fam_convergence,1.2,1.2,1.2,0,not_assessed,t,[],mi_adhilepa_v1.0,2026-08-13 01:16:30.857989+00
482012f1-710e-4a25-994a-93821f5871aa,L3,ka_sangam,516262,LL1:fam_convergence,1.2,1.2,1.2,0,not_assessed,t,[],mi_adhilepa_v1.0,2026-08-13 01:16:30.857989+00
482012f1-710e-4a25-994a-93821f5871aa,L3,ka_sangam,516263,LL1:fam_convergence,1.2,1.2,1.2,0,not_assessed,t,[],mi_adhilepa_v1.0,2026-08-13 01:16:30.857989+00
482012f1-710e-4a25-994a-93821f5871aa,L3,ka_sangam,516264,LL1:fam_convergence,1.2,1.2,1.2,0,not_assessed,t,[],mi_adhilepa_v1.0,2026-08-13 01:16:30.857989+00
482012f1-710e-4a25-994a-93821f5871aa,L3,ka_sangam,516265,LL1:fam_convergence,1.2,1.2,1.2,0,not_assessed,t,[],mi_adhilepa_v1.0,2026-08-13 01:16:30.857989+00
482012f1-710e-4a25-994a-93821f5871aa,L3,ka_sangam,516266,LL1:fam_convergence,1.2,1.2,1.2,0,not_assessed,t,[],mi_adhilepa_v1.0,2026-08-13 01:16:30.857989+00
482012f1-710e-4a25-994a-93821f5871aa,L3,ka_sangam,516267,LL1:fam_convergence,1.2,1.2,1.2,0,not_assessed,t,[],mi_adhilepa_v1.0,2026-08-13 01:16:30.857989+00
482012f1-710e-4a25-994a-93821f5871aa,L3,ka_sangam,516268,LL1:fam_convergence,1.2,1.2,1.2,0,not_assessed,t,[],mi_adhilepa_v1.0,2026-08-13 01:16:30.857989+00
482012f1-710e-4a25-994a-93821f5871aa,L3,ka_sangam,516269,LL1:fam_convergence,1.2,1.2,1.2,0,not_assessed,t,[],mi_adhilepa_v1.0,2026-08-13 01:16:30.857989+00
482012f1-710e-4a25-994a-93821f5871aa,L3,ka_sangam,516270,LL1:fam_convergence,1.2,1.2,1.2,0,not_assessed,t,[],mi_adhilepa_v1.0,2026-08-13 01:16:30.857989+00
482012f1-710e-4a25-994a-93821f5871aa,L3,ka_sangam,516271,LL1:fam_convergence,1.2,1.2,1.2,0,not_assessed,t,[],mi_adhilepa_v1.0,2026-08-13 01:16:30.857989+00
482012f1-710e-4a25-994a-93821f5871aa,L3,ka_sangam,516272,LL1:fam_convergence,1.2,1.2,1.2,0,not_assessed,t,[],mi_adhilepa_v1.0,2026-08-13 01:16:30.857989+00
482012f1-710e-4a25-994a-93821f5871aa,L3,ka_sangam,516273,LL1:fam_convergence,1.2,1.2,1.2,0,not_assessed,t,[],mi_adhilepa_v1.0,2026-08-13 01:16:30.857989+00
482012f1-710e-4a25-994a-93821f5871aa,L3,ka_sangam,516274,LL1:fam_convergence,1.2,1.2,1.2,0,not_assessed,t,[],mi_adhilepa_v1.0,2026-08-13 01:16:30.857989+00
482012f1-710e-4a25-994a-93821f5871aa,L3,ka_sangam,516275,LL1:fam_convergence,1.2,1.2,1.2,0,not_assessed,t,[],mi_adhilepa_v1.0,2026-08-13 01:16:30.857989+00
482012f1-710e-4a25-994a-93821f5871aa,L3,ka_sangam,516276,LL1:fam_convergence,1.2,1.2,1.2,0,not_assessed,t,[],mi_adhilepa_v1.0,2026-08-13 01:16:30.857989+00
482012f1-710e-4a25-994a-93821f5871aa,L3,ka_sangam,516277,LL1:fam_convergence,1.2,1.2,1.2,0,not_assessed,t,[],mi_adhilepa_v1.0,2026-08-13 01:16:30.857989+00
482012f1-710e-4a25-994a-93821f5871aa,L3,ka_sangam,516278,LL1:fam_convergence,1.2,1.2,1.2,0,not_assessed,t,[],mi_adhilepa_v1.0,2026-08-13 01:16:30.857989+00
482012f1-710e-4a25-994a-93821f5871aa,L3,ka_sangam,516279,LL1:fam_convergence,1.2,1.2,1.2,0,not_assessed,t,[],mi_adhilepa_v1.0,2026-08-13 01:16:30.857989+00
482012f1-710e-4a25-994a-93821f5871aa,L3,ka_sangam,516280,LL1:fam_convergence,1.2,1.2,1.2,0,not_assessed,t,[],mi_adhilepa_v1.0,2026-08-13 01:16:30.857989+00
482012f1-710e-4a25-994a-93821f5871aa,L3,ka_sangam,516281,LL1:fam_convergence,1.2,1.2,1.2,0,not_assessed,t,[],mi_adhilepa_v1.0,2026-08-13 01:16:30.857989+00
482012f1-710e-4a25-994a-93821f5871aa,L3,ka_sangam,516282,LL1:fam_convergence,1.2,1.2,1.2,0,not_assessed,t,[],mi_adhilepa_v1.0,2026-08-13 01:16:30.857989+00
482012f1-710e-4a25-994a-93821f5871aa,L3,ka_sangam,516283,LL1:fam_convergence,1.2,1.2,1.2,0,not_assessed,t,[],mi_adhilepa_v1.0,2026-08-13 01:16:30.857989+00
482012f1-710e-4a25-994a-93821f5871aa,L3,ka_sangam,516284,LL1:fam_convergence,1.2,1.2,1.2,0,not_assessed,t,[],mi_adhilepa_v1.0,2026-08-13 01:16:30.857989+00
482012f1-710e-4a25-994a-93821f5871aa,L3,ka_sangam,516285,LL1:fam_convergence,1.2,1.2,1.2,0,not_assessed,t,[],mi_adhilepa_v1.0,2026-08-13 01:16:30.857989+00
482012f1-710e-4a25-994a-93821f5871aa,L3,ka_sangam,516286,LL1:fam_convergence,1.2,1.2,1.2,0,not_assessed,t,[],mi_adhilepa_v1.0,2026-08-13 01:16:30.857989+00
482012f1-710e-4a25-994a-93821f5871aa,L3,ka_sangam,516287,LL1:fam_convergence,1.2,1.2,1.2,0,not_assessed,t,[],mi_adhilepa_v1.0,2026-08-13 01:16:30.857989+00
482012f1-710e-4a25-994a-93821f5871aa,L3,ka_sangam,516288,LL1:fam_convergence,1.2,1.2,1.2,0,not_assessed,t,[],mi_adhilepa_v1.0,2026-08-13 01:16:30.857989+00
482012f1-710e-4a25-994a-93821f5871aa,L3,ka_sangam,516289,LL1:fam_convergence,1.2,1.2,1.2,0,not_assessed,t,[],mi_adhilepa_v1.0,2026-08-13 01:16:30.857989+00
482012f1-710e-4a25-994a-93821f5871aa,L3,ka_sangam,516290,LL1:fam_convergence,1.2,1.2,1.2,0,not_assessed,t,[],mi_adhilepa_v1.0,2026-08-13 01:16:30.857989+00
482012f1-710e-4a25-994a-93821f5871aa,L3,ka_sangam,516291,LL1:fam_convergence,1.2,1.2,1.2,0,not_assessed,t,[],mi_adhilepa_v1.0,2026-08-13 01:16:30.857989+00
482012f1-710e-4a25-994a-93821f5871aa,L3,ka_sangam,516292,LL1:fam_convergence,1.2,1.2,1.2,0,not_assessed,t,[],mi_adhilepa_v1.0,2026-08-13 01:16:30.857989+00
482012f1-710e-4a25-994a-93821f5871aa,L3,ka_sangam,516293,LL1:fam_convergence,1.2,1.2,1.2,0,not_assessed,t,[],mi_adhilepa_v1.0,2026-08-13 01:16:30.857989+00
482012f1-710e-4a25-994a-93821f5871aa,L3,ka_sangam,516294,LL1:fam_convergence,1.2,1.2,1.2,0,not_assessed,t,[],mi_adhilepa_v1.0,2026-08-13 01:16:30.857989+00
482012f1-710e-4a25-994a-93821f5871aa,L3,ka_sangam,516295,LL1:fam_convergence,1.2,1.2,1.2,0,not_assessed,t,[],mi_adhilepa_v1.0,2026-08-13 01:16:30.857989+00
482012f1-710e-4a25-994a-93821f5871aa,L3,ka_sangam,516296,LL1:fam_convergence,1.2,1.2,1.2,0,not_assessed,t,[],mi_adhilepa_v1.0,2026-08-13 01:16:30.857989+00
482012f1-710e-4a25-994a-93821f5871aa,L3,ka_sangam,516297,LL1:fam_convergence,1.2,1.2,1.2,0,not_assessed,t,[],mi_adhilepa_v1.0,2026-08-13 01:16:30.857989+00
482012f1-710e-4a25-994a-93821f5871aa,L3,ka_sangam,516298,LL1:fam_convergence,1.2,1.2,1.2,0,not_assessed,t,[],mi_adhilepa_v1.0,2026-08-13 01:16:30.857989+00
482012f1-710e-4a25-994a-93821f5871aa,L3,ka_sangam,516299,LL1:fam_convergence,1.2,1.2,1.2,0,not_assessed,t,[],mi_adhilepa_v1.0,2026-08-13 01:16:30.857989+00
482012f1-710e-4a25-994a-93821f5871aa,L3,ka_sangam,516300,LL1:fam_convergence,1.2,1.2,1.2,0,not_assessed,t,[],mi_adhilepa_v1.0,2026-08-13 01:16:30.857989+00
482012f1-710e-4a25-994a-93821f5871aa,L3,ka_sangam,516301,LL1:fam_convergence,1.2,1.2,1.2,0,not_assessed,t,[],mi_adhilepa_v1.0,2026-08-13 01:16:30.857989+00
482012f1-710e-4a25-994a-93821f5871aa,L3,ka_sangam,516302,LL1:fam_convergence,1.2,1.2,1.2,0,not_assessed,t,[],mi_adhilepa_v1.0,2026-08-13 01:16:30.857989+00
482012f1-710e-4a25-994a-93821f5871aa,L3,ka_sangam,516303,LL1:fam_convergence,1.2,1.2,1.2,0,not_assessed,t,[],mi_adhilepa_v1.0,2026-08-13 01:16:30.857989+00
482012f1-710e-4a25-994a-93821f5871aa,L3,ka_sangam,516304,LL1:fam_convergence,1.2,1.2,1.2,0,not_assessed,t,[],mi_adhilepa_v1.0,2026-08-13 01:16:30.857989+00
482012f1-710e-4a25-994a-93821f5871aa,L3,ka_sangam,516305,LL1:fam_convergence,1.2,1.2,1.2,0,not_assessed,t,[],mi_adhilepa_v1.0,2026-08-13 01:16:30.857989+00
482012f1-710e-4a25-994a-93821f5871aa,L3,ka_sangam,516306,LL1:fam_convergence,1.2,1.2,1.2,0,not_assessed,t,[],mi_adhilepa_v1.0,2026-08-13 01:16:30.857989+00
482012f1-710e-4a25-994a-93821f5871aa,L3,ka_sangam,516307,LL1:fam_convergence,1.2,1.2,1.2,0,not_assessed,t,[],mi_adhilepa_v1.0,2026-08-13 01:16:30.857989+00
482012f1-710e-4a25-994a-93821f5871aa,L3,ka_sangam,516308,LL1:fam_convergence,1.2,1.2,1.2,0,not_assessed,t,[],mi_adhilepa_v1.0,2026-08-13 01:16:30.857989+00
482012f1-710e-4a25-994a-93821f5871aa,L3,ka_sangam,516309,LL1:fam_convergence,1.2,1.2,1.2,0,not_assessed,t,[],mi_adhilepa_v1.0,2026-08-13 01:16:30.857989+00
482012f1-710e-4a25-994a-93821f5871aa,L3,ka_sangam,516310,LL1:fam_convergence,1.2,1.2,1.2,0,not_assessed,t,[],mi_adhilepa_v1.0,2026-08-13 01:16:30.857989+00
482012f1-710e-4a25-994a-93821f5871aa,L3,ka_sangam,516311,LL1:fam_convergence,1.2,1.2,1.2,0,not_assessed,t,[],mi_adhilepa_v1.0,2026-08-13 01:16:30.857989+00
482012f1-710e-4a25-994a-93821f5871aa,L3,ka_sangam,516312,LL1:fam_convergence,1.2,1.2,1.2,0,not_assessed,t,[],mi_adhilepa_v1.0,2026-08-13 01:16:30.857989+00
482012f1-710e-4a25-994a-93821f5871aa,L3,ka_sangam,516313,LL1:fam_convergence,1.2,1.2,1.2,0,not_assessed,t,[],mi_adhilepa_v1.0,2026-08-13 01:16:30.857989+00
482012f1-710e-4a25-994a-93821f5871aa,L3,ka_sangam,516314,LL1:fam_convergence,1.2,1.2,1.2,0,not_assessed,t,[],mi_adhilepa_v1.0,2026-08-13 01:16:30.857989+00
482012f1-710e-4a25-994a-93821f5871aa,L3,ka_sangam,516315,LL1:fam_convergence,1.2,1.2,1.2,0,not_assessed,t,[],mi_adhilepa_v1.0,2026-08-13 01:16:30.857989+00
482012f1-710e-4a25-994a-93821f5871aa,L3,ka_sangam,516316,LL1:fam_convergence,1.2,1.2,1.2,0,not_assessed,t,[],mi_adhilepa_v1.0,2026-08-13 01:16:30.857989+00
482012f1-710e-4a25-994a-93821f5871aa,L3,ka_sangam,516317,LL1:fam_convergence,1.2,1.2,1.2,0,not_assessed,t,[],mi_adhilepa_v1.0,2026-08-13 01:16:30.857989+00
482012f1-710e-4a25-994a-93821f5871aa,L3,ka_sangam,516318,LL1:fam_convergence,1.2,1.2,1.2,0,not_assessed,t,[],mi_adhilepa_v1.0,2026-08-13 01:16:30.857989+00
482012f1-710e-4a25-994a-93821f5871aa,L3,ka_sangam,516319,LL1:fam_convergence,1.2,1.2,1.2,0,not_assessed,t,[],mi_adhilepa_v1.0,2026-08-13 01:16:30.857989+00
482012f1-710e-4a25-994a-93821f5871aa,L3,ka_sangam,516320,LL1:fam_convergence,1.2,1.2,1.2,0,not_assessed,t,[],mi_adhilepa_v1.0,2026-08-13 01:16:30.857989+00
482012f1-710e-4a25-994a-93821f5871aa,L3,ka_sangam,516321,LL1:fam_convergence,1.2,1.2,1.2,0,not_assessed,t,[],mi_adhilepa_v1.0,2026-08-13 01:16:30.857989+00
482012f1-710e-4a25-994a-93821f5871aa,L3,ka_sangam,516322,LL1:fam_convergence,1.2,1.2,1.2,0,not_assessed,t,[],mi_adhilepa_v1.0,2026-08-13 01:16:30.857989+00
482012f1-710e-4a25-994a-93821f5871aa,L3,ka_sangam,516323,LL1:fam_convergence,1.2,1.2,1.2,0,not_assessed,t,[],mi_adhilepa_v1.0,2026-08-13 01:16:30.857989+00
482012f1-710e-4a25-994a-93821f5871aa,L3,ka_sangam,516324,LL1:fam_convergence,1.2,1.2,1.2,0,not_assessed,t,[],mi_adhilepa_v1.0,2026-08-13 01:16:30.857989+00
482012f1-710e-4a25-994a-93821f5871aa,L3,ka_sangam,516325,LL1:fam_convergence,1.2,1.2,1.2,0,not_assessed,t,[],mi_adhilepa_v1.0,2026-08-13 01:16:30.857989+00
482012f1-710e-4a25-994a-93821f5871aa,L3,ka_sangam,516326,LL1:fam_convergence,1.2,1.2,1.2,0,not_assessed,t,[],mi_adhilepa_v1.0,2026-08-13 01:16:30.857989+00
482012f1-710e-4a25-994a-93821f5871aa,L3,ka_sangam,516327,LL1:fam_convergence,1.2,1.2,1.2,0,not_assessed,t,[],mi_adhilepa_v1.0,2026-08-13 01:16:30.857989+00
482012f1-710e-4a25-994a-93821f5871aa,L3,ka_sangam,516328,LL1:fam_convergence,1.2,1.2,1.2,0,not_assessed,t,[],mi_adhilepa_v1.0,2026-08-13 01:16:30.857989+00
482012f1-710e-4a25-994a-93821f5871aa,L3,ka_sangam,516329,LL1:fam_convergence,1.2,1.2,1.2,0,not_assessed,t,[],mi_adhilepa_v1.0,2026-08-13 01:16:30.857989+00
482012f1-710e-4a25-994a-93821f5871aa,L3,ka_sangam,516330,LL1:fam_convergence,1.2,1.2,1.2,0,not_assessed,t,[],mi_adhilepa_v1.0,2026-08-13 01:16:30.857989+00
482012f1-710e-4a25-994a-93821f5871aa,L3,ka_sangam,516331,LL1:fam_convergence,1.2,1.2,1.2,0,not_assessed,t,[],mi_adhilepa_v1.0,2026-08-13 01:16:30.857989+00
482012f1-710e-4a25-994a-93821f5871aa,L3,ka_sangam,516332,LL1:fam_convergence,1.2,1.2,1.2,0,not_assessed,t,[],mi_adhilepa_v1.0,2026-08-13 01:16:30.857989+00
482012f1-710e-4a25-994a-93821f5871aa,L3,ka_sangam,516333,LL1:fam_convergence,1.2,1.2,1.2,0,not_assessed,t,[],mi_adhilepa_v1.0,2026-08-13 01:16:30.857989+00
482012f1-710e-4a25-994a-93821f5871aa,L3,ka_sangam,516334,LL1:fam_convergence,1.2,1.2,1.2,0,not_assessed,t,[],mi_adhilepa_v1.0,2026-08-13 01:16:30.857989+00
482012f1-710e-4a25-994a-93821f5871aa,L3,ka_sangam,516335,LL1:fam_convergence,1.2,1.2,1.2,0,not_assessed,t,[],mi_adhilepa_v1.0,2026-08-13 01:16:30.857989+00
482012f1-710e-4a25-994a-93821f5871aa,L3,ka_sangam,516336,LL1:fam_convergence,1.2,1.2,1.2,0,not_assessed,t,[],mi_adhilepa_v1.0,2026-08-13 01:16:30.857989+00
482012f1-710e-4a25-994a-93821f5871aa,L3,ka_sangam,516337,LL1:fam_convergence,1.2,1.2,1.2,0,not_assessed,t,[],mi_adhilepa_v1.0,2026-08-13 01:16:30.857989+00
482012f1-710e-4a25-994a-93821f5871aa,L3,ka_sangam,516338,LL1:fam_convergence,1.2,1.2,1.2,0,not_assessed,t,[],mi_adhilepa_v1.0,2026-08-13 01:16:30.857989+00
482012f1-710e-4a25-994a-93821f5871aa,L3,ka_sangam,516339,LL1:fam_convergence,1.2,1.2,1.2,0,not_assessed,t,[],mi_adhilepa_v1.0,2026-08-13 01:16:30.857989+00
482012f1-710e-4a25-994a-93821f5871aa,L3,ka_sangam,516340,LL1:fam_convergence,1.2,1.2,1.2,0,not_assessed,t,[],mi_adhilepa_v1.0,2026-08-13 01:16:30.857989+00
482012f1-710e-4a25-994a-93821f5871aa,L3,ka_sangam,516341,LL1:fam_convergence,1.2,1.2,1.2,0,not_assessed,t,[],mi_adhilepa_v1.0,2026-08-13 01:16:30.857989+00
482012f1-710e-4a25-994a-93821f5871aa,L3,ka_sangam,516342,LL1:fam_convergence,1.2,1.2,1.2,0,not_assessed,t,[],mi_adhilepa_v1.0,2026-08-13 01:16:30.857989+00
482012f1-710e-4a25-994a-93821f5871aa,L3,ka_sangam,516343,LL1:fam_convergence,1.2,1.2,1.2,0,not_assessed,t,[],mi_adhilepa_v1.0,2026-08-13 01:16:30.857989+00
482012f1-710e-4a25-994a-93821f5871aa,L3,ka_sangam,516344,LL1:fam_convergence,1.2,1.2,1.2,0,not_assessed,t,[],mi_adhilepa_v1.0,2026-08-13 01:16:30.857989+00
482012f1-710e-4a25-994a-93821f5871aa,L3,ka_sangam,516345,LL1:fam_convergence,1.2,1.2,1.2,0,not_assessed,t,[],mi_adhilepa_v1.0,2026-08-13 01:16:30.857989+00
482012f1-710e-4a25-994a-93821f5871aa,L3,ka_sangam,516346,LL1:fam_convergence,1.2,1.2,1.2,0,not_assessed,t,[],mi_adhilepa_v1.0,2026-08-13 01:16:30.857989+00
482012f1-710e-4a25-994a-93821f5871aa,L3,ka_sangam,516347,LL1:fam_convergence,1.2,1.2,1.2,0,not_assessed,t,[],mi_adhilepa_v1.0,2026-08-13 01:16:30.857989+00
482012f1-710e-4a25-994a-93821f5871aa,L3,ka_sangam,516348,LL1:fam_convergence,1.2,1.2,1.2,0,not_assessed,t,[],mi_adhilepa_v1.0,2026-08-13 01:16:30.857989+00
482012f1-710e-4a25-994a-93821f5871aa,L3,ka_sangam,516349,LL1:fam_convergence,1.2,1.2,1.2,0,not_assessed,t,[],mi_adhilepa_v1.0,2026-08-13 01:16:30.857989+00
482012f1-710e-4a25-994a-93821f5871aa,L3,ka_sangam,516350,LL1:fam_convergence,1.2,1.2,1.2,0,not_assessed,t,[],mi_adhilepa_v1.0,2026-08-13 01:16:30.857989+00
482012f1-710e-4a25-994a-93821f5871aa,L3,ka_sangam,516351,LL1:fam_convergence,1.2,1.2,1.2,0,not_assessed,t,[],mi_adhilepa_v1.0,2026-08-13 01:16:30.857989+00
482012f1-710e-4a25-994a-93821f5871aa,L3,ka_sangam,516352,LL1:fam_convergence,1.2,1.2,1.2,0,not_assessed,t,[],mi_adhilepa_v1.0,2026-08-13 01:16:30.857989+00
482012f1-710e-4a25-994a-93821f5871aa,L3,ka_sangam,516353,LL1:fam_convergence,1.2,1.2,1.2,0,not_assessed,t,[],mi_adhilepa_v1.0,2026-08-13 01:16:30.857989+00
482012f1-710e-4a25-994a-93821f5871aa,L3,ka_sangam,516354,LL1:fam_convergence,1.2,1.2,1.2,0,not_assessed,t,[],mi_adhilepa_v1.0,2026-08-13 01:16:30.857989+00
482012f1-710e-4a25-994a-93821f5871aa,L3,ka_sangam,516355,LL1:fam_convergence,1.2,1.2,1.2,0,not_assessed,t,[],mi_adhilepa_v1.0,2026-08-13 01:16:30.857989+00
482012f1-710e-4a25-994a-93821f5871aa,L3,ka_sangam,516356,LL1:fam_convergence,1.2,1.2,1.2,0,not_assessed,t,[],mi_adhilepa_v1.0,2026-08-13 01:16:30.857989+00
482012f1-710e-4a25-994a-93821f5871aa,L3,ka_sangam,516357,LL1:fam_convergence,1.2,1.2,1.2,0,not_assessed,t,[],mi_adhilepa_v1.0,2026-08-13 01:16:30.857989+00
482012f1-710e-4a25-994a-93821f5871aa,L3,ka_sangam,516358,LL1:fam_convergence,1.2,1.2,1.2,0,not_assessed,t,[],mi_adhilepa_v1.0,2026-08-13 01:16:30.857989+00
482012f1-710e-4a25-994a-93821f5871aa,L3,ka_sangam,516359,LL1:fam_convergence,1.2,1.2,1.2,0,not_assessed,t,[],mi_adhilepa_v1.0,2026-08-13 01:16:30.857989+00
482012f1-710e-4a25-994a-93821f5871aa,L3,ka_sangam,516360,LL1:fam_convergence,1.2,1.2,1.2,0,not_assessed,t,[],mi_adhilepa_v1.0,2026-08-13 01:16:30.857989+00
482012f1-710e-4a25-994a-93821f5871aa,L3,ka_sangam,516361,LL1:fam_convergence,1.2,1.2,1.2,0,not_assessed,t,[],mi_adhilepa_v1.0,2026-08-13 01:16:30.857989+00
482012f1-710e-4a25-994a-93821f5871aa,L3,ka_sangam,516362,LL1:fam_convergence,1.2,1.2,1.2,0,not_assessed,t,[],mi_adhilepa_v1.0,2026-08-13 01:16:30.857989+00
482012f1-710e-4a25-994a-93821f5871aa,L3,ka_sangam,516363,LL1:fam_convergence,1.2,1.2,1.2,0,not_assessed,t,[],mi_adhilepa_v1.0,2026-08-13 01:16:30.857989+00
482012f1-710e-4a25-994a-93821f5871aa,L3,ka_sangam,516364,LL1:fam_convergence,1.2,1.2,1.2,0,not_assessed,t,[],mi_adhilepa_v1.0,2026-08-13 01:16:30.857989+00
482012f1-710e-4a25-994a-93821f5871aa,L3,ka_sangam,516365,LL1:fam_convergence,1.2,1.2,1.2,0,not_assessed,t,[],mi_adhilepa_v1.0,2026-08-13 01:16:30.857989+00
482012f1-710e-4a25-994a-93821f5871aa,L3,ka_sangam,516366,LL1:fam_convergence,1.2,1.2,1.2,0,not_assessed,t,[],mi_adhilepa_v1.0,2026-08-13 01:16:30.857989+00
482012f1-710e-4a25-994a-93821f5871aa,L3,ka_sangam,516367,LL1:fam_convergence,1.2,1.2,1.2,0,not_assessed,t,[],mi_adhilepa_v1.0,2026-08-13 01:16:30.857989+00
482012f1-710e-4a25-994a-93821f5871aa,L3,ka_sangam,516368,LL1:fam_convergence,1.2,1.2,1.2,0,not_assessed,t,[],mi_adhilepa_v1.0,2026-08-13 01:16:30.857989+00
482012f1-710e-4a25-994a-93821f5871aa,L3,ka_sangam,516369,LL1:fam_convergence,1.2,1.2,1.2,0,not_assessed,t,[],mi_adhilepa_v1.0,2026-08-13 01:16:30.857989+00
482012f1-710e-4a25-994a-93821f5871aa,L3,ka_sangam,516370,LL1:fam_convergence,1.2,1.2,1.2,0,not_assessed,t,[],mi_adhilepa_v1.0,2026-08-13 01:16:30.857989+00
482012f1-710e-4a25-994a-93821f5871aa,L3,ka_sangam,516371,LL1:fam_convergence,1.2,1.2,1.2,0,not_assessed,t,[],mi_adhilepa_v1.0,2026-08-13 01:16:30.857989+00
482012f1-710e-4a25-994a-93821f5871aa,L3,ka_sangam,516372,LL1:fam_convergence,1.2,1.2,1.2,0,not_assessed,t,[],mi_adhilepa_v1.0,2026-08-13 01:16:30.857989+00
482012f1-710e-4a25-994a-93821f5871aa,L3,ka_sangam,516373,LL1:fam_convergence,1.2,1.2,1.2,0,not_assessed,t,[],mi_adhilepa_v1.0,2026-08-13 01:16:30.857989+00
482012f1-710e-4a25-994a-93821f5871aa,L3,ka_sangam,516374,LL1:fam_convergence,1.2,1.2,1.2,0,not_assessed,t,[],mi_adhilepa_v1.0,2026-08-13 01:16:30.857989+00
482012f1-710e-4a25-994a-93821f5871aa,L3,ka_sangam,516375,LL1:fam_convergence,1.2,1.2,1.2,0,not_assessed,t,[],mi_adhilepa_v1.0,2026-08-13 01:16:30.857989+00
482012f1-710e-4a25-994a-93821f5871aa,L3,ka_sangam,516376,LL1:fam_convergence,1.2,1.2,1.2,0,not_assessed,t,[],mi_adhilepa_v1.0,2026-08-13 01:16:30.857989+00
482012f1-710e-4a25-994a-93821f5871aa,L3,ka_sangam,516377,LL1:fam_convergence,1.2,1.2,1.2,0,not_assessed,t,[],mi_adhilepa_v1.0,2026-08-13 01:16:30.857989+00
482012f1-710e-4a25-994a-93821f5871aa,L3,ka_sangam,516378,LL1:fam_convergence,1.2,1.2,1.2,0,not_assessed,t,[],mi_adhilepa_v1.0,2026-08-13 01:16:30.857989+00
482012f1-710e-4a25-994a-93821f5871aa,L3,ka_sangam,516379,LL1:fam_convergence,1.2,1.2,1.2,0,not_assessed,t,[],mi_adhilepa_v1.0,2026-08-13 01:16:30.857989+00
482012f1-710e-4a25-994a-93821f5871aa,L3,ka_sangam,516380,LL1:fam_convergence,1.2,1.2,1.2,0,not_assessed,t,[],mi_adhilepa_v1.0,2026-08-13 01:16:30.857989+00
482012f1-710e-4a25-994a-93821f5871aa,L3,ka_sangam,516381,LL1:fam_convergence,1.2,1.2,1.2,0,not_assessed,t,[],mi_adhilepa_v1.0,2026-08-13 01:16:30.857989+00
482012f1-710e-4a25-994a-93821f5871aa,L3,ka_sangam,516382,LL1:fam_convergence,1.2,1.2,1.2,0,not_assessed,t,[],mi_adhilepa_v1.0,2026-08-13 01:16:30.857989+00
482012f1-710e-4a25-994a-93821f5871aa,L3,ka_sangam,516383,LL1:fam_convergence,1.2,1.2,1.2,0,not_assessed,t,[],mi_adhilepa_v1.0,2026-08-13 01:16:30.857989+00
482012f1-710e-4a25-994a-93821f5871aa,L3,ka_sangam,516384,LL1:fam_convergence,1.2,1.2,1.2,0,not_assessed,t,[],mi_adhilepa_v1.0,2026-08-13 01:16:30.857989+00
