chart_id,match_id,prediction_id,event_id,score_timing,score_magnitude,score_domain,score_falsifier,score_manifestation,manifestation_channel,composite_verdict,composite_score,base_rate_adjusted_skill,evidence_admissibility,n_for_stratum,leakage_status,scoring_formula_version,scored_at,base_rate,brier_vs_null
482012f1-710e-4a25-994a-93821f5871aa,pred_23bd38d3-6e61-4057-b728-1d91be93100c_021e49f5-9c6a-5e0e-ad6c-84c8ea2ad83f,pred_23bd38d3-6e61-4057-b728-1d91be93100c,021e49f5-9c6a-5e0e-ad6c-84c8ea2ad83f,0.3772,0.5,1,1,0.5,,CONFIRMED,0.6813,,clean,1,clean,mi_pramana_v2.0,2026-08-13 01:16:30.152142+00,0.1,-0.1286
482012f1-710e-4a25-994a-93821f5871aa,pred_23bd38d3-6e61-4057-b728-1d91be93100c_021e49f5-9c6a-5e0e-ad6c-84c8ea2ad83f-corr-2022-07-14,pred_23bd38d3-6e61-4057-b728-1d91be93100c,021e49f5-9c6a-5e0e-ad6c-84c8ea2ad83f-corr-2022-07-14,0.1696,0.5,1,1,0.5,,PARTIAL,0.6121,,clean,1,clean,mi_pramana_v2.0,2026-08-13 01:16:30.152142+00,0.1,-3.163
482012f1-710e-4a25-994a-93821f5871aa,pred_23bd38d3-6e61-4057-b728-1d91be93100c_661c8535-5906-5333-8b38-e14305bddad6,pred_23bd38d3-6e61-4057-b728-1d91be93100c,661c8535-5906-5333-8b38-e14305bddad6,0.9866,0.5,0,1,0.5,,PARTIAL,0.6066,,clean,1,clean,mi_pramana_v2.0,2026-08-13 01:16:30.152142+00,0.1,-3.0891
482012f1-710e-4a25-994a-93821f5871aa,pred_23bd38d3-6e61-4057-b728-1d91be93100c_836bb274-6a6f-5c29-a298-f3c476197b8a,pred_23bd38d3-6e61-4057-b728-1d91be93100c,836bb274-6a6f-5c29-a298-f3c476197b8a,0.5312,0.5,0,1,0.5,,PARTIAL,0.4549,,clean,1,clean,mi_pramana_v2.0,2026-08-13 01:16:30.152142+00,0.1,-1.2989
482012f1-710e-4a25-994a-93821f5871aa,pred_23bd38d3-6e61-4057-b728-1d91be93100c_86cbb042-8c3b-54e0-bf79-8f51b5850c13,pred_23bd38d3-6e61-4057-b728-1d91be93100c,86cbb042-8c3b-54e0-bf79-8f51b5850c13,0.1406,0.5,1,1,0.5,,PARTIAL,0.6024,,clean,1,clean,mi_pramana_v2.0,2026-08-13 01:16:30.152142+00,0.1,-3.0325
482012f1-710e-4a25-994a-93821f5871aa,pred_23bd38d3-6e61-4057-b728-1d91be93100c_d506f3e6-6188-5327-8920-d3896e630f08,pred_23bd38d3-6e61-4057-b728-1d91be93100c,d506f3e6-6188-5327-8920-d3896e630f08,0.9196,0.5,0,1,0.5,,PARTIAL,0.5843,,clean,1,clean,mi_pramana_v2.0,2026-08-13 01:16:30.152142+00,0.1,-2.7937
482012f1-710e-4a25-994a-93821f5871aa,pred_30fe8756-3341-40fc-94fd-a2e1cc1b395d_153d920e-640d-598c-9380-795a5d4efa63,pred_30fe8756-3341-40fc-94fd-a2e1cc1b395d,153d920e-640d-598c-9380-795a5d4efa63,0.7938,0.5,1,1,0.5,,UNRESOLVED,0.8201,,clean,1,clean,mi_pramana_v2.0,2026-08-13 01:16:30.152142+00,0.1,-6.4737
482012f1-710e-4a25-994a-93821f5871aa,pred_30fe8756-3341-40fc-94fd-a2e1cc1b395d_1f9c6775-30c2-5f92-b1a5-24512f5681a6,pred_30fe8756-3341-40fc-94fd-a2e1cc1b395d,1f9c6775-30c2-5f92-b1a5-24512f5681a6,0.8562,0.5,0,1,0.5,,UNRESOLVED,0.5632,,clean,1,clean,mi_pramana_v2.0,2026-08-13 01:16:30.152142+00,0.1,-2.524
482012f1-710e-4a25-994a-93821f5871aa,pred_30fe8756-3341-40fc-94fd-a2e1cc1b395d_275b0c18-a159-5560-95f7-2a6cfbec58c4,pred_30fe8756-3341-40fc-94fd-a2e1cc1b395d,275b0c18-a159-5560-95f7-2a6cfbec58c4,0.1739,0.5,0,1,0.5,,UNRESOLVED,0.3357,,clean,1,clean,mi_pramana_v2.0,2026-08-13 01:16:30.152142+00,0.1,-0.2525
482012f1-710e-4a25-994a-93821f5871aa,pred_30fe8756-3341-40fc-94fd-a2e1cc1b395d_2bfb5b17-6901-5d15-ba80-5f0f1d5611f0,pred_30fe8756-3341-40fc-94fd-a2e1cc1b395d,2bfb5b17-6901-5d15-ba80-5f0f1d5611f0,0.6511,0.5,0,1,0.5,,UNRESOLVED,0.4948,,clean,1,clean,mi_pramana_v2.0,2026-08-13 01:16:30.152142+00,0.1,-1.7203
482012f1-710e-4a25-994a-93821f5871aa,pred_30fe8756-3341-40fc-94fd-a2e1cc1b395d_3ea3a2fc-3568-56a9-963b-57c7e7b4755c,pred_30fe8756-3341-40fc-94fd-a2e1cc1b395d,3ea3a2fc-3568-56a9-963b-57c7e7b4755c,0.5151,0.5,0,1,0.5,,UNRESOLVED,0.4495,,clean,1,clean,mi_pramana_v2.0,2026-08-13 01:16:30.152142+00,0.1,-1.2446
482012f1-710e-4a25-994a-93821f5871aa,pred_30fe8756-3341-40fc-94fd-a2e1cc1b395d_4018cc05-6f8f-51c4-9ffc-3c1de800dc72,pred_30fe8756-3341-40fc-94fd-a2e1cc1b395d,4018cc05-6f8f-51c4-9ffc-3c1de800dc72,0.2408,0.5,0,1,0.5,,UNRESOLVED,0.358,,clean,1,clean,mi_pramana_v2.0,2026-08-13 01:16:30.152142+00,0.1,-0.4244
482012f1-710e-4a25-994a-93821f5871aa,pred_30fe8756-3341-40fc-94fd-a2e1cc1b395d_5278d97c-e769-529a-b0c2-be1e965c2d6b,pred_30fe8756-3341-40fc-94fd-a2e1cc1b395d,5278d97c-e769-529a-b0c2-be1e965c2d6b,0.9075,0.5,0,1,0.5,,UNRESOLVED,0.5803,,clean,1,clean,mi_pramana_v2.0,2026-08-13 01:16:30.152142+00,0.1,-2.7412
482012f1-710e-4a25-994a-93821f5871aa,pred_30fe8756-3341-40fc-94fd-a2e1cc1b395d_732a4119-a333-5ce5-afbf-082453e1f6d5,pred_30fe8756-3341-40fc-94fd-a2e1cc1b395d,732a4119-a333-5ce5-afbf-082453e1f6d5,0.8361,0.5,1,1,0.5,,UNRESOLVED,0.8343,,clean,1,clean,mi_pramana_v2.0,2026-08-13 01:16:30.152142+00,0.1,-6.7333
482012f1-710e-4a25-994a-93821f5871aa,pred_30fe8756-3341-40fc-94fd-a2e1cc1b395d_acb209c7-8107-53e7-b6ea-b8596e0f07cb,pred_30fe8756-3341-40fc-94fd-a2e1cc1b395d,acb209c7-8107-53e7-b6ea-b8596e0f07cb,0.2096,0.5,0,1,0.5,,UNRESOLVED,0.3476,,clean,1,clean,mi_pramana_v2.0,2026-08-13 01:16:30.152142+00,0.1,-0.3428
482012f1-710e-4a25-994a-93821f5871aa,pred_5f64e035-3af3-4446-863e-cc0a9b64d3cb_5278d97c-e769-529a-b0c2-be1e965c2d6b,pred_5f64e035-3af3-4446-863e-cc0a9b64d3cb,5278d97c-e769-529a-b0c2-be1e965c2d6b,0.338,0.5,0,1,0.5,,UNRESOLVED,0.3904,,clean,1,clean,mi_pramana_v2.0,2026-08-13 01:16:30.152142+00,0.1,-0.6937
482012f1-710e-4a25-994a-93821f5871aa,pred_7463abe7-c435-494e-83b9-4ce3e7385925_3e96c6da-3ad6-5329-a40b-0b9240a1cbdb,pred_7463abe7-c435-494e-83b9-4ce3e7385925,3e96c6da-3ad6-5329-a40b-0b9240a1cbdb,0.0647,0.5,0,1,0.5,,REFUTED,0.2994,,clean,1,clean,mi_pramana_v2.0,2026-08-13 01:16:30.152142+00,0.1,0.0043
482012f1-710e-4a25-994a-93821f5871aa,pred_7463abe7-c435-494e-83b9-4ce3e7385925_64c475da-5248-5332-9127-9331fae79f23,pred_7463abe7-c435-494e-83b9-4ce3e7385925,64c475da-5248-5332-9127-9331fae79f23,0.0647,0.5,0,1,0.5,,REFUTED,0.2994,,clean,1,clean,mi_pramana_v2.0,2026-08-13 01:16:30.152142+00,0.1,0.0043
482012f1-710e-4a25-994a-93821f5871aa,pred_8674627d-134c-4302-8253-21ee66313a0a_153d920e-640d-598c-9380-795a5d4efa63,pred_8674627d-134c-4302-8253-21ee66313a0a,153d920e-640d-598c-9380-795a5d4efa63,0.8476,0.5,0,1,0.5,,UNRESOLVED,0.5603,,clean,1,clean,mi_pramana_v2.0,2026-08-13 01:16:30.152142+00,0.1,-2.4885
482012f1-710e-4a25-994a-93821f5871aa,pred_8674627d-134c-4302-8253-21ee66313a0a_1f9c6775-30c2-5f92-b1a5-24512f5681a6,pred_8674627d-134c-4302-8253-21ee66313a0a,1f9c6775-30c2-5f92-b1a5-24512f5681a6,0.9972,0.5,0,1,0.5,,UNRESOLVED,0.6102,,clean,1,clean,mi_pramana_v2.0,2026-08-13 01:16:30.152142+00,0.1,-3.137
482012f1-710e-4a25-994a-93821f5871aa,pred_8674627d-134c-4302-8253-21ee66313a0a_2bfb5b17-6901-5d15-ba80-5f0f1d5611f0,pred_8674627d-134c-4302-8253-21ee66313a0a,2bfb5b17-6901-5d15-ba80-5f0f1d5611f0,0.4931,0.5,0,1,0.5,,UNRESOLVED,0.4421,,clean,1,clean,mi_pramana_v2.0,2026-08-13 01:16:30.152142+00,0.1,-1.172
482012f1-710e-4a25-994a-93821f5871aa,pred_8674627d-134c-4302-8253-21ee66313a0a_3ea3a2fc-3568-56a9-963b-57c7e7b4755c,pred_8674627d-134c-4302-8253-21ee66313a0a,3ea3a2fc-3568-56a9-963b-57c7e7b4755c,0.1551,0.5,0,1,0.5,,UNRESOLVED,0.3295,,clean,1,clean,mi_pramana_v2.0,2026-08-13 01:16:30.152142+00,0.1,-0.2062
482012f1-710e-4a25-994a-93821f5871aa,pred_8674627d-134c-4302-8253-21ee66313a0a_5278d97c-e769-529a-b0c2-be1e965c2d6b,pred_8674627d-134c-4302-8253-21ee66313a0a,5278d97c-e769-529a-b0c2-be1e965c2d6b,0.41,0.5,0,1,0.5,,UNRESOLVED,0.4144,,clean,1,clean,mi_pramana_v2.0,2026-08-13 01:16:30.152142+00,0.1,-0.9084
482012f1-710e-4a25-994a-93821f5871aa,pred_8674627d-134c-4302-8253-21ee66313a0a_732a4119-a333-5ce5-afbf-082453e1f6d5,pred_8674627d-134c-4302-8253-21ee66313a0a,732a4119-a333-5ce5-afbf-082453e1f6d5,0.9529,0.5,0,1,0.5,,UNRESOLVED,0.5954,,clean,1,clean,mi_pramana_v2.0,2026-08-13 01:16:30.152142+00,0.1,-2.9391
482012f1-710e-4a25-994a-93821f5871aa,pred_a4a13518-b245-4f2a-9799-c3dfa079e369_3e96c6da-3ad6-5329-a40b-0b9240a1cbdb,pred_a4a13518-b245-4f2a-9799-c3dfa079e369,3e96c6da-3ad6-5329-a40b-0b9240a1cbdb,0.6644,0.5,0,1,0.5,,PARTIAL,0.4993,,clean,1,clean,mi_pramana_v2.0,2026-08-13 01:16:30.152142+00,0.1,-1.7695
482012f1-710e-4a25-994a-93821f5871aa,pred_a4a13518-b245-4f2a-9799-c3dfa079e369_64c475da-5248-5332-9127-9331fae79f23,pred_a4a13518-b245-4f2a-9799-c3dfa079e369,64c475da-5248-5332-9127-9331fae79f23,0.6644,0.5,0,1,0.5,,PARTIAL,0.4993,,clean,1,clean,mi_pramana_v2.0,2026-08-13 01:16:30.152142+00,0.1,-1.7695
482012f1-710e-4a25-994a-93821f5871aa,pred_a811641d-9dd7-49ad-9914-0f65a63892f6_275b0c18-a159-5560-95f7-2a6cfbec58c4,pred_a811641d-9dd7-49ad-9914-0f65a63892f6,275b0c18-a159-5560-95f7-2a6cfbec58c4,0.0379,0.5,0,1,0.5,,REFUTED,0.2904,,clean,1,clean,mi_pramana_v2.0,2026-08-13 01:16:30.152142+00,0.1,0.0629
482012f1-710e-4a25-994a-93821f5871aa,pred_a811641d-9dd7-49ad-9914-0f65a63892f6_661c8535-5906-5333-8b38-e14305bddad6,pred_a811641d-9dd7-49ad-9914-0f65a63892f6,661c8535-5906-5333-8b38-e14305bddad6,0.3991,0.5,0,1,0.5,,PARTIAL,0.4108,,clean,1,clean,mi_pramana_v2.0,2026-08-13 01:16:30.152142+00,0.1,-0.8752
482012f1-710e-4a25-994a-93821f5871aa,pred_a811641d-9dd7-49ad-9914-0f65a63892f6_836bb274-6a6f-5c29-a298-f3c476197b8a,pred_a811641d-9dd7-49ad-9914-0f65a63892f6,836bb274-6a6f-5c29-a298-f3c476197b8a,0.8807,0.5,0,1,0.5,,PARTIAL,0.5713,,clean,1,clean,mi_pramana_v2.0,2026-08-13 01:16:30.152142+00,0.1,-2.6271
482012f1-710e-4a25-994a-93821f5871aa,pred_a811641d-9dd7-49ad-9914-0f65a63892f6_acb209c7-8107-53e7-b6ea-b8596e0f07cb,pred_a811641d-9dd7-49ad-9914-0f65a63892f6,acb209c7-8107-53e7-b6ea-b8596e0f07cb,0.0022,0.5,0,1,0.5,,REFUTED,0.2785,,clean,1,clean,mi_pramana_v2.0,2026-08-13 01:16:30.152142+00,0.1,0.1381
482012f1-710e-4a25-994a-93821f5871aa,pred_a811641d-9dd7-49ad-9914-0f65a63892f6_d506f3e6-6188-5327-8920-d3896e630f08,pred_a811641d-9dd7-49ad-9914-0f65a63892f6,d506f3e6-6188-5327-8920-d3896e630f08,0.3322,0.5,0,1,0.5,,PARTIAL,0.3885,,clean,1,clean,mi_pramana_v2.0,2026-08-13 01:16:30.152142+00,0.1,-0.6772
482012f1-710e-4a25-994a-93821f5871aa,pred_ac2a7c74-2b01-4894-b822-f013efc64c99_021e49f5-9c6a-5e0e-ad6c-84c8ea2ad83f,pred_ac2a7c74-2b01-4894-b822-f013efc64c99,021e49f5-9c6a-5e0e-ad6c-84c8ea2ad83f,0.2118,0.5,1,1,0.5,,PARTIAL,0.6262,,clean,1,clean,mi_pramana_v2.0,2026-08-13 01:16:30.152142+00,0.1,-3.3564
482012f1-710e-4a25-994a-93821f5871aa,pred_ac2a7c74-2b01-4894-b822-f013efc64c99_021e49f5-9c6a-5e0e-ad6c-84c8ea2ad83f-corr-2022-07-14,pred_ac2a7c74-2b01-4894-b822-f013efc64c99,021e49f5-9c6a-5e0e-ad6c-84c8ea2ad83f-corr-2022-07-14,0.0045,0.5,1,1,0.5,,PARTIAL,0.557,,clean,1,clean,mi_pramana_v2.0,2026-08-13 01:16:30.152142+00,0.1,-2.4477
482012f1-710e-4a25-994a-93821f5871aa,pred_ac2a7c74-2b01-4894-b822-f013efc64c99_661c8535-5906-5333-8b38-e14305bddad6,pred_ac2a7c74-2b01-4894-b822-f013efc64c99,661c8535-5906-5333-8b38-e14305bddad6,0.8205,0.5,0,1,0.5,,PARTIAL,0.5513,,clean,1,clean,mi_pramana_v2.0,2026-08-13 01:16:30.152142+00,0.1,-2.3768
482012f1-710e-4a25-994a-93821f5871aa,pred_ac2a7c74-2b01-4894-b822-f013efc64c99_836bb274-6a6f-5c29-a298-f3c476197b8a,pred_ac2a7c74-2b01-4894-b822-f013efc64c99,836bb274-6a6f-5c29-a298-f3c476197b8a,0.6979,0.5,0,1,0.5,,PARTIAL,0.5104,,clean,1,clean,mi_pramana_v2.0,2026-08-13 01:16:30.152142+00,0.1,-1.8946
482012f1-710e-4a25-994a-93821f5871aa,pred_ac2a7c74-2b01-4894-b822-f013efc64c99_d506f3e6-6188-5327-8920-d3896e630f08,pred_ac2a7c74-2b01-4894-b822-f013efc64c99,d506f3e6-6188-5327-8920-d3896e630f08,0.7536,0.5,0,1,0.5,,PARTIAL,0.529,,clean,1,clean,mi_pramana_v2.0,2026-08-13 01:16:30.152142+00,0.1,-2.1092
482012f1-710e-4a25-994a-93821f5871aa,pred_acdce3e1-376c-4781-bf71-54a669a2f188_153d920e-640d-598c-9380-795a5d4efa63,pred_acdce3e1-376c-4781-bf71-54a669a2f188,153d920e-640d-598c-9380-795a5d4efa63,0.7938,0.5,0,1,0.5,,UNRESOLVED,0.5424,,clean,1,clean,mi_pramana_v2.0,2026-08-13 01:16:30.152142+00,0.1,-2.2684
482012f1-710e-4a25-994a-93821f5871aa,pred_acdce3e1-376c-4781-bf71-54a669a2f188_1f9c6775-30c2-5f92-b1a5-24512f5681a6,pred_acdce3e1-376c-4781-bf71-54a669a2f188,1f9c6775-30c2-5f92-b1a5-24512f5681a6,0.8562,0.5,1,1,0.5,,UNRESOLVED,0.841,,clean,1,clean,mi_pramana_v2.0,2026-08-13 01:16:30.152142+00,0.1,-6.8578
482012f1-710e-4a25-994a-93821f5871aa,pred_acdce3e1-376c-4781-bf71-54a669a2f188_275b0c18-a159-5560-95f7-2a6cfbec58c4,pred_acdce3e1-376c-4781-bf71-54a669a2f188,275b0c18-a159-5560-95f7-2a6cfbec58c4,0.1739,0.5,0,1,0.5,,UNRESOLVED,0.3357,,clean,1,clean,mi_pramana_v2.0,2026-08-13 01:16:30.152142+00,0.1,-0.2525
482012f1-710e-4a25-994a-93821f5871aa,pred_acdce3e1-376c-4781-bf71-54a669a2f188_2bfb5b17-6901-5d15-ba80-5f0f1d5611f0,pred_acdce3e1-376c-4781-bf71-54a669a2f188,2bfb5b17-6901-5d15-ba80-5f0f1d5611f0,0.6511,0.5,0,1,0.5,,UNRESOLVED,0.4948,,clean,1,clean,mi_pramana_v2.0,2026-08-13 01:16:30.152142+00,0.1,-1.7203
482012f1-710e-4a25-994a-93821f5871aa,pred_acdce3e1-376c-4781-bf71-54a669a2f188_3ea3a2fc-3568-56a9-963b-57c7e7b4755c,pred_acdce3e1-376c-4781-bf71-54a669a2f188,3ea3a2fc-3568-56a9-963b-57c7e7b4755c,0.5151,0.5,0,1,0.5,,UNRESOLVED,0.4495,,clean,1,clean,mi_pramana_v2.0,2026-08-13 01:16:30.152142+00,0.1,-1.2446
482012f1-710e-4a25-994a-93821f5871aa,pred_acdce3e1-376c-4781-bf71-54a669a2f188_4018cc05-6f8f-51c4-9ffc-3c1de800dc72,pred_acdce3e1-376c-4781-bf71-54a669a2f188,4018cc05-6f8f-51c4-9ffc-3c1de800dc72,0.2408,0.5,0,1,0.5,,UNRESOLVED,0.358,,clean,1,clean,mi_pramana_v2.0,2026-08-13 01:16:30.152142+00,0.1,-0.4244
482012f1-710e-4a25-994a-93821f5871aa,pred_acdce3e1-376c-4781-bf71-54a669a2f188_5278d97c-e769-529a-b0c2-be1e965c2d6b,pred_acdce3e1-376c-4781-bf71-54a669a2f188,5278d97c-e769-529a-b0c2-be1e965c2d6b,0.9075,0.5,0,1,0.5,,UNRESOLVED,0.5803,,clean,1,clean,mi_pramana_v2.0,2026-08-13 01:16:30.152142+00,0.1,-2.7412
482012f1-710e-4a25-994a-93821f5871aa,pred_acdce3e1-376c-4781-bf71-54a669a2f188_732a4119-a333-5ce5-afbf-082453e1f6d5,pred_acdce3e1-376c-4781-bf71-54a669a2f188,732a4119-a333-5ce5-afbf-082453e1f6d5,0.8361,0.5,0,1,0.5,,UNRESOLVED,0.5565,,clean,1,clean,mi_pramana_v2.0,2026-08-13 01:16:30.152142+00,0.1,-2.4408
482012f1-710e-4a25-994a-93821f5871aa,pred_acdce3e1-376c-4781-bf71-54a669a2f188_acb209c7-8107-53e7-b6ea-b8596e0f07cb,pred_acdce3e1-376c-4781-bf71-54a669a2f188,acb209c7-8107-53e7-b6ea-b8596e0f07cb,0.2096,0.5,0,1,0.5,,UNRESOLVED,0.3476,,clean,1,clean,mi_pramana_v2.0,2026-08-13 01:16:30.152142+00,0.1,-0.3428
482012f1-710e-4a25-994a-93821f5871aa,pred_c0fa3e1e-68e5-4987-9cf3-cfd899040a4a_56a1222d-8c88-5445-b2a2-1fd89d470719-corr-2021-04,pred_c0fa3e1e-68e5-4987-9cf3-cfd899040a4a,56a1222d-8c88-5445-b2a2-1fd89d470719-corr-2021-04,0.9665,0.5,0,1,0.5,,PARTIAL,0.6,,clean,1,clean,mi_pramana_v2.0,2026-08-13 01:16:30.152142+00,0.1,-2.9993
482012f1-710e-4a25-994a-93821f5871aa,pred_c0fa3e1e-68e5-4987-9cf3-cfd899040a4a_74e527bb-1b22-51a8-bafb-8d4d7d80ae1d,pred_c0fa3e1e-68e5-4987-9cf3-cfd899040a4a,74e527bb-1b22-51a8-bafb-8d4d7d80ae1d,0.8304,0.5,0,1,0.5,,PARTIAL,0.5546,,clean,1,clean,mi_pramana_v2.0,2026-08-13 01:16:30.152142+00,0.1,-2.4171
482012f1-710e-4a25-994a-93821f5871aa,pred_c0fa3e1e-68e5-4987-9cf3-cfd899040a4a_86cbb042-8c3b-54e0-bf79-8f51b5850c13,pred_c0fa3e1e-68e5-4987-9cf3-cfd899040a4a,86cbb042-8c3b-54e0-bf79-8f51b5850c13,0.0156,0.5,1,1,0.5,,PARTIAL,0.5608,,clean,1,clean,mi_pramana_v2.0,2026-08-13 01:16:30.152142+00,0.1,-2.494
482012f1-710e-4a25-994a-93821f5871aa,pred_c0fa3e1e-68e5-4987-9cf3-cfd899040a4a_974651b2-f743-56d9-b9e9-178e0b8e7431,pred_c0fa3e1e-68e5-4987-9cf3-cfd899040a4a,974651b2-f743-56d9-b9e9-178e0b8e7431,0.7969,0.5,0,1,0.5,,PARTIAL,0.5434,,clean,1,clean,mi_pramana_v2.0,2026-08-13 01:16:30.152142+00,0.1,-2.281
482012f1-710e-4a25-994a-93821f5871aa,pred_c0fa3e1e-68e5-4987-9cf3-cfd899040a4a_b8884cbe-b894-588b-a70f-2c0a90fdeac5,pred_c0fa3e1e-68e5-4987-9cf3-cfd899040a4a,b8884cbe-b894-588b-a70f-2c0a90fdeac5,0.8304,0.5,0,1,0.5,,PARTIAL,0.5546,,clean,1,clean,mi_pramana_v2.0,2026-08-13 01:16:30.152142+00,0.1,-2.4171
482012f1-710e-4a25-994a-93821f5871aa,pred_c7c60f9c-d94e-4bd8-a884-6deeed79b8ec_3e96c6da-3ad6-5329-a40b-0b9240a1cbdb,pred_c7c60f9c-d94e-4bd8-a884-6deeed79b8ec,3e96c6da-3ad6-5329-a40b-0b9240a1cbdb,0.6071,0.5,0,1,0.5,,PARTIAL,0.4802,,clean,1,clean,mi_pramana_v2.0,2026-08-13 01:16:30.152142+00,0.1,-1.5617
482012f1-710e-4a25-994a-93821f5871aa,pred_c7c60f9c-d94e-4bd8-a884-6deeed79b8ec_64c475da-5248-5332-9127-9331fae79f23,pred_c7c60f9c-d94e-4bd8-a884-6deeed79b8ec,64c475da-5248-5332-9127-9331fae79f23,0.6071,0.5,0,1,0.5,,PARTIAL,0.4802,,clean,1,clean,mi_pramana_v2.0,2026-08-13 01:16:30.152142+00,0.1,-1.5617
482012f1-710e-4a25-994a-93821f5871aa,pred_f0b8c354-bffd-4e2e-a42a-3d59d8cc669e_0d03e02a-e619-52b5-8a78-8f26e13ba125,pred_f0b8c354-bffd-4e2e-a42a-3d59d8cc669e,0d03e02a-e619-52b5-8a78-8f26e13ba125,0.2631,0.5,0,1,0.5,,PARTIAL,0.3655,,clean,1,clean,mi_pramana_v2.0,2026-08-13 01:16:30.152142+00,0.1,-0.4842
482012f1-710e-4a25-994a-93821f5871aa,pred_f0b8c354-bffd-4e2e-a42a-3d59d8cc669e_3e96c6da-3ad6-5329-a40b-0b9240a1cbdb,pred_f0b8c354-bffd-4e2e-a42a-3d59d8cc669e,3e96c6da-3ad6-5329-a40b-0b9240a1cbdb,0.1093,0.5,0,1,0.5,,REFUTED,0.3142,,clean,1,clean,mi_pramana_v2.0,2026-08-13 01:16:30.152142+00,0.1,-0.0969
482012f1-710e-4a25-994a-93821f5871aa,pred_f0b8c354-bffd-4e2e-a42a-3d59d8cc669e_64c475da-5248-5332-9127-9331fae79f23,pred_f0b8c354-bffd-4e2e-a42a-3d59d8cc669e,64c475da-5248-5332-9127-9331fae79f23,0.1093,0.5,0,1,0.5,,REFUTED,0.3142,,clean,1,clean,mi_pramana_v2.0,2026-08-13 01:16:30.152142+00,0.1,-0.0969
482012f1-710e-4a25-994a-93821f5871aa,pred_fe63e3b4-1e56-4578-ae9b-5302454e19c6_3a37fa76-cfc1-599b-bbdf-97cff784f5ac,pred_fe63e3b4-1e56-4578-ae9b-5302454e19c6,3a37fa76-cfc1-599b-bbdf-97cff784f5ac,0.3701,0.5,1,1,0.5,,CONFIRMED,0.6789,,clean,1,clean,mi_pramana_v2.0,2026-08-13 01:16:30.152142+00,0.1,-0.1454
482012f1-710e-4a25-994a-93821f5871aa,pred_fe63e3b4-1e56-4578-ae9b-5302454e19c6_d5db1b9a-b8c5-5b90-9641-c9ae9b1c2035,pred_fe63e3b4-1e56-4578-ae9b-5302454e19c6,d5db1b9a-b8c5-5b90-9641-c9ae9b1c2035,0.0691,0.5,0,1,0.5,,REFUTED,0.3008,,clean,1,clean,mi_pramana_v2.0,2026-08-13 01:16:30.152142+00,0.1,-0.0055
